customer_id,first_name,last_name,email,signup_date,country,customer_segment,lifetime_value
6566,Eric,Henson,rebekahalvarez@example.net,2024-05-20,Morocco,Premium,6143.68
8492,Michael,Walls,margaretstephens@example.com,2023-07-26,Jersey,Regular,7540.72
1726,Shaun,Greer,wardbenjamin@example.org,2023-11-10,Lao People's Democratic Republic,Premium,7818.76
6756,John,Odom,donna32@example.com,2024-07-26,Germany,Premium,6199.94
8089,Christopher,Lam,thomas62@example.org,2023-02-05,Cote d'Ivoire,VIP,8264.51
4041,Joyce,Johnson,peterlong@example.net,2024-01-29,Antigua and Barbuda,Premium,3479.69
5528,Brian,Boyd,rbarajas@example.com,2023-04-10,Guadeloupe,VIP,9203.1
2363,Aaron,Clements,joshua00@example.net,2022-12-16,Rwanda,Regular,6836.62
1956,Candice,Williams,vernon65@example.net,2024-07-22,Burundi,VIP,2485.67
1919,Matthew,Wyatt,robertnielsen@example.org,2023-08-24,Romania,Regular,7512.24
6751,Jason,Jackson,crogers@example.net,2023-04-29,Kuwait,VIP,4249.8
5365,Erin,Page,stephaniegordon@example.com,2023-06-01,Tajikistan,Regular,7146.91
5813,Dawn,Sanchez,tperkins@example.net,2024-05-06,Burundi,Premium,6597.03
8440,David,Flores,hberry@example.net,2023-12-07,Vanuatu,Premium,2045.76
1659,Tonya,Olsen,amy75@example.net,2024-09-05,Samoa,VIP,4279.93
7307,David,Rice,xevans@example.org,2023-08-15,Switzerland,VIP,4546.06
1444,Tony,Peterson,meganevans@example.org,2024-07-12,Turkmenistan,VIP,8120.13
3541,Raymond,Townsend,tylerstephen@example.org,2022-08-02,Libyan Arab Jamahiriya,Premium,5444.99
2823,Patricia,Freeman,edward28@example.com,2023-03-02,Bosnia and Herzegovina,Regular,1670.97
3495,John,Robinson,kathleenramos@example.net,2023-11-07,Zimbabwe,Regular,7771.73
9282,Michael,Mcconnell,danielhall@example.com,2022-03-31,Suriname,VIP,5298.31
4952,Jackie,Velasquez,bburton@example.com,2023-10-15,Turks and Caicos Islands,Premium,6034.56
7750,Karla,Johnston,johncoleman@example.com,2024-11-19,Mauritius,VIP,7890.32
1621,Crystal,Ward,brownkimberly@example.com,2024-06-21,Netherlands,VIP,3246.82
8313,Melissa,Pearson,curtislisa@example.com,2024-01-05,Vietnam,VIP,6378.77
5738,Gina,Rivas,arobertson@example.com,2025-03-09,Macao,VIP,7610.69
2452,Victoria,Watson,anthony90@example.net,2022-04-22,Russian Federation,Premium,1415.61
8736,Phillip,Fernandez,tuckermelissa@example.com,2024-10-28,Israel,Regular,6291.34
3375,Kim,Bailey,jamesjon@example.org,2023-08-09,Saint Lucia,Regular,6495.02
1761,Joseph,Allen,daniel15@example.org,2023-05-30,Lao People's Democratic Republic,Premium,3805.04
3366,Robert,White,michelleprice@example.org,2024-05-06,Croatia,VIP,2134.37
9653,Alan,Crane,wpaul@example.org,2022-07-25,Bhutan,VIP,3986.52
4959,Jared,Castro,paula43@example.com,2024-01-22,Oman,VIP,598.95
3531,Douglas,Bell,juarezvirginia@example.net,2024-08-24,Monaco,Premium,752.11
3505,Julie,Fitzgerald,rbaker@example.com,2022-11-27,Marshall Islands,Regular,3568.74
4724,Robert,Salazar,james72@example.com,2024-01-18,Tonga,VIP,9735.65
6595,Shelby,Brown,lopezryan@example.net,2024-10-04,Cameroon,Premium,1218.94
5531,Claudia,Garcia,erikanorman@example.net,2023-10-30,United States Virgin Islands,Premium,4481.83
7201,Alexandra,Mendoza,llopez@example.org,2025-01-19,Comoros,VIP,8461.15
5578,Cassandra,Kelley,herringmatthew@example.net,2023-01-05,North Macedonia,Regular,8031.14
3777,Brooke,Valdez,moyerjacob@example.com,2025-01-25,Colombia,Premium,3623.05
8774,Tina,Decker,wthornton@example.com,2022-07-21,Tajikistan,Premium,2502.04
9594,Stephanie,Pierce,ydavis@example.org,2024-08-30,Korea,Regular,1471.19
1935,Mark,Becker,emily90@example.net,2025-03-03,Iceland,Premium,1102.06
1042,Stephanie,Bartlett,jefferymiller@example.com,2024-04-11,Morocco,VIP,730.15
3218,Shaun,Powers,karenmurray@example.net,2023-03-27,Mongolia,VIP,8598.31
2922,Scott,Archer,rwilson@example.net,2023-06-01,Grenada,Regular,3451.55
8030,Emily,Anderson,curtischristy@example.net,2023-12-17,Spain,VIP,4451.44
7474,Ruben,Edwards,simmonscarol@example.com,2024-06-27,Lithuania,VIP,3068.14
6538,Kaylee,Brown,hernandezkaren@example.net,2024-11-08,Montenegro,VIP,1035.29
7428,Tina,Gonzalez,darrenestrada@example.com,2025-01-01,Morocco,VIP,4578.32
3796,Joseph,Garcia,belljennifer@example.org,2023-10-26,Turks and Caicos Islands,Regular,9065.82
8776,Desiree,Bentley,tanyagarrett@example.org,2022-06-10,Uganda,VIP,6389.47
1333,Joshua,Johnson,craig04@example.net,2023-10-01,Andorra,Regular,6739.72
4537,Claudia,Mills,michelecarter@example.org,2022-07-18,Tajikistan,VIP,6775.56
8831,Betty,Carroll,wdeleon@example.net,2023-09-15,Zambia,Premium,4282.17
7206,Monica,Thomas,mary57@example.org,2024-06-29,North Macedonia,VIP,2098.34
6681,Eric,Hayes,glennjoseph@example.org,2022-03-26,Netherlands Antilles,Premium,3729.82
7687,Steven,Henderson,xstone@example.org,2022-10-19,Nicaragua,VIP,1256.43
5306,Sandra,Lawrence,lcrawford@example.net,2025-02-11,Antigua and Barbuda,Regular,9306.94
2729,Edward,Barrett,taylorbrian@example.org,2023-11-27,New Caledonia,VIP,7053.49
4832,Tara,Baker,wcarroll@example.net,2024-04-14,Netherlands,Premium,2936.58
4345,Anna,Murphy,oestrada@example.com,2024-05-25,Bermuda,VIP,4090.71
2373,Karen,Glass,leahlee@example.com,2022-07-03,Haiti,Premium,8046.84
3633,Gregory,Stewart,jennifervargas@example.com,2022-11-16,Rwanda,VIP,4944.68
9245,Joshua,Hardy,janice85@example.org,2023-03-25,Tanzania,Regular,3169.95
3517,Christopher,Hernandez,nelliott@example.org,2023-01-07,Togo,Regular,9966.11
8164,Jacqueline,Potter,mary14@example.com,2022-04-23,Bulgaria,Premium,8234.69
1418,Stacey,Taylor,jamiejohnson@example.com,2023-12-10,Bahrain,Premium,2212.1
9368,Michael,Simpson,watsonangela@example.net,2023-05-06,Suriname,VIP,4279.02
8370,Courtney,Parrish,shelia48@example.org,2025-02-11,France,Premium,8817.06
5508,Paula,Park,kylesmith@example.net,2024-12-16,Azerbaijan,Regular,2846.87
7368,Brian,Martinez,rioslynn@example.net,2024-08-20,Andorra,VIP,5709.75
2900,Jennifer,Robles,carrolljoshua@example.com,2023-12-04,Germany,VIP,1695.85
8627,Timothy,Thomas,vanessaholmes@example.org,2023-03-14,Turks and Caicos Islands,Premium,396.81
8470,Cassie,Waller,walter17@example.org,2023-09-25,Angola,Regular,8476.86
6423,Richard,Ortega,amy43@example.org,2024-01-01,Panama,Regular,3134.62
4256,Joshua,Floyd,woodwarddiana@example.org,2024-02-21,Estonia,VIP,3213.34
4276,Donna,Pierce,christopherwagner@example.com,2024-07-16,British Virgin Islands,VIP,3861.18
3067,Karl,Hernandez,wendywerner@example.org,2022-10-11,Syrian Arab Republic,VIP,7348.4
8751,Kyle,Randolph,fpierce@example.net,2024-11-07,Wallis and Futuna,Premium,935.47
8253,Tina,Brooks,debra02@example.org,2024-07-15,Uzbekistan,Regular,9848.01
4488,Jamie,Holland,icarter@example.com,2022-12-06,Egypt,VIP,5938.03
7171,Melissa,Davidson,ryan96@example.com,2024-05-27,Holy See (Vatican City State),Premium,6657.58
3148,Michael,Hoffman,mark58@example.org,2023-10-22,Belarus,VIP,6674.51
1389,Kenneth,Ray,handerson@example.net,2022-10-10,Palestinian Territory,VIP,6363.17
8397,Monica,Jones,jordan40@example.com,2022-11-22,Holy See (Vatican City State),VIP,522.34
6875,Christopher,Stokes,nnewman@example.org,2023-05-28,Romania,VIP,6108.28
3991,Stefanie,Curtis,scrawford@example.com,2022-06-05,Belize,Premium,9114.47
4256,Theresa,Herman,melissa55@example.org,2025-03-20,Nigeria,VIP,1220.23
6253,Jennifer,Thompson,kendrawise@example.org,2025-03-12,Saint Barthelemy,Regular,476.43
7658,Bobby,Smith,velasquezholly@example.net,2022-07-12,Guernsey,Premium,7119.29
3235,David,Benson,tanderson@example.com,2023-02-15,Pitcairn Islands,VIP,1211.99
6182,Kristina,Watts,matthew30@example.net,2023-06-20,Benin,VIP,1054.61
6266,Sarah,Davis,aprilsexton@example.net,2022-03-29,Uganda,Regular,6416.75
3708,Caitlin,Hanna,franklinjarvis@example.org,2023-07-28,Chad,Regular,9485.84
8651,Kathy,Jacobs,andersonscott@example.org,2025-01-01,Guinea-Bissau,Regular,7914.64
3368,Dawn,Lozano,acostakimberly@example.com,2024-02-18,Guadeloupe,Regular,2148.93
8648,Amy,Wilson,dhernandez@example.org,2024-09-03,Guam,Regular,409.71
7320,Yvette,Rowland,ilandry@example.org,2024-11-15,Sri Lanka,Regular,8781.24
1826,Adam,Wilson,wrightrichard@example.com,2022-04-11,Saint Kitts and Nevis,Regular,5686.04
4107,Lindsey,Davis,samuel79@example.com,2022-05-19,Jamaica,VIP,7443.93
3826,Logan,Garrison,felicia45@example.org,2023-07-01,Sweden,Regular,6788.55
3606,Gabriel,Holden,joan29@example.net,2023-08-06,Mayotte,Premium,8950.67
2777,Beth,Bell,xhenry@example.org,2023-12-28,Tanzania,VIP,8206.23
5387,Anthony,Jennings,myoung@example.com,2023-10-26,France,Premium,8313.66
6451,Hayley,Brooks,davisdaniel@example.net,2024-12-16,Colombia,VIP,2827.64
5940,Jonathan,Price,aali@example.net,2024-12-01,Belarus,Premium,9103.02
7570,Nancy,Hays,stonebrittany@example.org,2024-11-13,Suriname,Regular,8661.25
4790,Kimberly,Ramirez,geoffreycarter@example.net,2024-08-12,Iran,Premium,6718.24
2712,Madison,Mcdonald,brittney23@example.net,2022-08-11,Myanmar,VIP,471.22
9952,Antonio,Garcia,grhodes@example.com,2022-07-08,Djibouti,VIP,9277.82
2528,Peter,Travis,mitchellsergio@example.com,2024-07-23,Senegal,Regular,9520.79
1962,Dale,Fisher,christopherrobles@example.net,2023-09-15,Mongolia,Premium,7332.19
9760,Pamela,Cooper,rwatson@example.net,2024-03-22,Iraq,Premium,818.84
9405,Megan,Moss,jessica41@example.net,2024-10-03,Comoros,Premium,5759.7
3659,Jeremiah,Green,garciachristopher@example.com,2023-08-12,Liechtenstein,Regular,8437.52
4930,Troy,Williams,jason42@example.net,2022-09-19,Nepal,Premium,3575.34
3071,Richard,Solomon,talexander@example.net,2023-09-30,Svalbard & Jan Mayen Islands,Regular,8096.72
8920,Steven,Peterson,vmartin@example.net,2023-09-03,Central African Republic,VIP,7812.11
3103,Glenda,Dyer,pelliott@example.net,2023-01-23,Palau,VIP,2081.9
7824,Mark,Sanders,vhoward@example.com,2023-06-09,Japan,Premium,9480.37
6777,Pedro,Campbell,marc07@example.com,2024-09-04,Korea,Regular,6604.0
7681,Robert,Cohen,bmurray@example.org,2022-04-01,Yemen,Premium,9398.62
4985,Matthew,Smith,sarah97@example.com,2023-10-05,Bhutan,Regular,3694.92
1630,Amber,Nelson,natalievaughn@example.org,2025-03-18,Ukraine,Premium,414.09
3533,Sandra,Jones,cherylbrown@example.com,2025-01-28,Bolivia,VIP,6773.1
2983,Johnathan,Mcintyre,evan44@example.net,2024-09-10,Somalia,Regular,3785.13
2160,Andrea,Leon,yschroeder@example.net,2022-08-02,Ireland,VIP,3345.7
7126,Kimberly,Mcgee,qfuentes@example.com,2024-11-04,Germany,Regular,7506.19
5545,Janet,Robinson,shawncarter@example.org,2023-05-07,Gabon,Regular,7571.0
7800,Kathy,Walter,amanda91@example.org,2022-06-10,Netherlands Antilles,Regular,2835.73
3764,Elizabeth,Payne,michael61@example.net,2022-07-09,Lesotho,Premium,8001.77
1898,Alexander,Williams,richardsonkayla@example.com,2024-04-13,Slovakia (Slovak Republic),Regular,7835.39
3486,Melanie,Berry,jeffreysmith@example.org,2022-04-29,Peru,Premium,6781.49
7037,Lori,Bauer,garciakayla@example.com,2024-07-01,Hungary,VIP,8956.47
8823,Brooke,Parker,julie03@example.org,2024-07-12,Tonga,VIP,9403.1
7155,Mitchell,Stevenson,wilsondebra@example.net,2024-04-29,Mayotte,Regular,1573.73
3952,Richard,Beck,eolson@example.net,2023-04-08,Gambia,Regular,7945.62
4146,Allen,Knight,ihart@example.org,2023-07-11,Greenland,Premium,670.58
5979,Monica,Murphy,stevencarpenter@example.net,2024-12-08,Belize,Regular,1031.6
6137,Kurt,Brown,katelynandrews@example.net,2023-10-04,Zambia,VIP,1106.35
2992,Christian,Raymond,frederickelizabeth@example.org,2024-07-06,Cote d'Ivoire,Premium,1618.14
4730,Kathleen,Patel,jdaugherty@example.com,2023-07-28,Saint Vincent and the Grenadines,Regular,5252.48
2366,Gregory,Jackson,sotomatthew@example.com,2024-09-23,Falkland Islands (Malvinas),VIP,2245.41
8732,Kelly,Hughes,phernandez@example.net,2023-11-05,Singapore,Regular,5263.54
2366,Richard,Lloyd,bmontgomery@example.net,2025-02-08,Comoros,VIP,7339.35
6974,Joshua,Howard,ritteraudrey@example.org,2022-08-25,Pakistan,Regular,4177.44
8107,Michael,Adkins,tsmith@example.com,2022-11-27,Norfolk Island,VIP,4111.24
4412,John,Chang,melissamiles@example.org,2023-06-06,Maldives,VIP,4382.72
1805,Dawn,Escobar,samuelwhite@example.org,2024-11-27,Nauru,VIP,7791.57
6583,Richard,Hughes,afoster@example.org,2022-06-20,Cook Islands,Premium,1818.66
6827,Crystal,Jennings,olsoncheryl@example.org,2023-06-05,Cayman Islands,Premium,9493.93
7072,Christopher,Young,victorwright@example.org,2023-07-27,Colombia,Premium,9428.87
6033,Amy,Villarreal,gstephens@example.org,2025-03-21,Benin,VIP,9387.34
7465,Marvin,Brandt,michele87@example.net,2023-07-26,Paraguay,Premium,4243.38
1769,Jeremiah,Flores,adammccarthy@example.net,2024-01-14,Belize,Regular,9073.68
2382,Melissa,Kelly,jason50@example.org,2023-07-11,Saint Barthelemy,VIP,7380.65
7831,John,Powell,thomasmendoza@example.com,2022-05-04,Reunion,Regular,4575.53
1576,Jennifer,Gill,rrich@example.com,2023-03-02,Turks and Caicos Islands,Regular,1892.26
7717,Amy,Rice,vincent15@example.org,2023-09-15,Haiti,Premium,6507.73
7760,Jeanette,Curry,nmahoney@example.com,2024-09-26,Senegal,Regular,5693.08
7715,Stephanie,Powers,kristen46@example.com,2022-10-10,Finland,VIP,7229.57
8078,Juan,Smith,regina42@example.com,2024-05-08,Kazakhstan,Regular,8125.62
4136,Timothy,Martin,vargasvanessa@example.com,2024-08-17,Tokelau,VIP,6180.67
6472,Bryan,West,taylorwilliam@example.com,2024-12-31,Haiti,Premium,4682.34
9723,Adam,Robinson,martinezdavid@example.org,2022-06-30,Cape Verde,VIP,1241.68
8472,Christopher,Brown,lisa48@example.com,2023-08-02,Bangladesh,Premium,5642.18
5405,Karen,Perez,ithompson@example.net,2022-06-22,Holy See (Vatican City State),Regular,2303.13
2315,Amy,Greene,lpowers@example.net,2022-10-24,French Southern Territories,Regular,9481.4
4525,Melissa,Li,michaelbruce@example.com,2022-06-18,Brunei Darussalam,Premium,1237.51
1221,Caleb,Nunez,dustin19@example.com,2023-04-02,Turks and Caicos Islands,VIP,2797.72
8124,Phillip,Freeman,gomezbarry@example.net,2023-01-05,Latvia,Regular,1141.99
4814,Tamara,Nelson,djames@example.net,2024-01-26,Equatorial Guinea,VIP,9004.16
6030,Luis,Miles,jennifereaton@example.com,2023-10-21,Reunion,Premium,5505.24
8944,William,Green,jcarrillo@example.net,2022-07-24,Colombia,VIP,5167.37
2595,Christina,Nunez,kristina50@example.org,2022-08-03,Argentina,Premium,2612.66
2337,Rachel,Cunningham,stephaniehall@example.org,2024-03-27,Jordan,Regular,3471.95
1831,Amanda,Shaw,jeffreyeaton@example.com,2023-03-16,Luxembourg,Premium,4851.99
9177,Debra,Garcia,ymartinez@example.net,2024-08-13,Iran,Regular,437.51
2486,Matthew,Lewis,garnergregory@example.net,2024-04-28,Australia,Premium,7055.45
2272,Jacob,Rodriguez,westjoshua@example.com,2022-05-06,Argentina,Premium,5940.04
1782,Christopher,Moss,joseph46@example.com,2023-10-21,Botswana,Regular,1900.26
6749,Tracy,Ryan,kristin98@example.com,2025-02-16,Tunisia,VIP,977.93
9562,Steve,Wells,nathanielnguyen@example.com,2023-11-30,Libyan Arab Jamahiriya,Premium,2816.75
8089,Tim,Williams,jefferymcneil@example.org,2024-01-21,Poland,Premium,2362.43
4993,Nicole,Wilson,stevenryan@example.org,2024-10-31,Slovakia (Slovak Republic),Regular,8699.03
4620,Cynthia,Lewis,dfrye@example.net,2023-06-17,Greenland,VIP,3758.48
3454,Christine,Bradford,benitezgregory@example.net,2023-06-16,Venezuela,Regular,1313.94
2622,Ashley,Brady,pperez@example.org,2024-01-15,Turkey,Regular,4903.03
4178,Chad,Massey,xmartin@example.com,2023-12-04,Central African Republic,Regular,8716.32
4783,Alexandra,Oconnell,tammythomas@example.com,2023-01-13,Congo,Regular,8171.95
9220,Daniel,Smith,joshuaball@example.org,2023-06-21,Zambia,Premium,9754.44
2498,Jose,Acevedo,bonnie14@example.net,2023-12-16,Germany,Premium,7737.87
6367,Gavin,Arellano,tcole@example.com,2025-02-09,Timor-Leste,VIP,8266.92
3687,Michael,Rios,ejohnson@example.net,2022-11-18,Germany,VIP,821.71
5880,Joe,Finley,kristinkrueger@example.net,2023-02-02,Timor-Leste,Regular,3385.79
8690,Mary,Jensen,williamsmith@example.net,2024-02-17,Turks and Caicos Islands,VIP,6200.32
9645,David,Humphrey,jsteele@example.org,2023-12-09,Cape Verde,Premium,922.71
2464,Karla,Morrison,wilsondustin@example.org,2022-06-11,Lebanon,Regular,3522.99
9925,Michele,Sweeney,christina13@example.com,2025-01-26,Mayotte,Premium,945.16
8165,Julia,Roberts,ywilliams@example.com,2023-04-16,Lebanon,Regular,4133.25
3408,Noah,Lewis,xwarren@example.net,2023-11-12,Bangladesh,Regular,6138.2
1644,Shawn,Rubio,cynthia23@example.org,2022-04-23,Spain,Regular,7927.49
6995,Debra,Luna,johnmclaughlin@example.org,2024-07-20,Colombia,Regular,7275.42
2329,Robert,Williams,castillovictoria@example.org,2024-03-11,Jordan,VIP,6908.32
4207,Jaime,Huffman,josewalker@example.com,2023-11-25,Slovenia,Regular,8946.31
8761,Raymond,Johnson,francisthomas@example.org,2023-08-25,Yemen,VIP,1785.15
4520,Stephanie,Dunlap,samuel90@example.com,2022-04-29,Niue,VIP,6571.96
7549,Maria,Hernandez,belinda09@example.net,2022-05-11,Wallis and Futuna,Premium,5280.68
1447,Jennifer,Williams,shawnmorgan@example.org,2022-10-07,Bulgaria,Regular,7912.29
5640,Jessica,Dillon,tiffany28@example.net,2022-11-15,Gabon,VIP,7938.66
8102,Kathryn,Davis,probbins@example.com,2023-01-18,Honduras,VIP,879.17
3539,Michael,Johnson,gilbertkenneth@example.com,2025-02-26,Trinidad and Tobago,VIP,5140.13
5470,Keith,Johnson,millernicole@example.com,2023-10-14,Honduras,Regular,9379.4
9931,David,Brown,jamesdunn@example.net,2024-12-13,Mongolia,VIP,2638.36
2084,Timothy,Harris,brownjoseph@example.net,2022-08-05,Trinidad and Tobago,VIP,8246.51
8621,Meagan,Ray,dwayne92@example.net,2023-06-01,Niger,Regular,4099.52
4879,Elizabeth,Brooks,johnheath@example.com,2022-05-16,Tuvalu,Premium,7812.57
1268,John,Allen,olivia51@example.com,2022-07-30,Heard Island and McDonald Islands,Regular,8912.6
2244,Jeffery,Foster,kentmarissa@example.net,2024-03-12,Faroe Islands,Regular,4233.7
8280,Mark,Wood,brendaterrell@example.net,2023-08-31,Mayotte,Premium,8371.67
7093,Charles,Miranda,brenda42@example.org,2024-04-21,Yemen,VIP,7696.56
8295,Larry,Parker,fshelton@example.net,2022-07-27,Bosnia and Herzegovina,VIP,5746.52
9125,Brandon,Smith,troyhall@example.net,2022-04-26,Taiwan,Regular,3484.24
8125,Jessica,Gonzalez,margaretsmith@example.net,2022-08-14,Japan,Regular,7536.88
5214,James,Watts,greenerobert@example.org,2022-12-13,Antigua and Barbuda,Regular,9909.46
9078,Stacy,Lara,stephanie31@example.com,2025-01-16,Finland,Premium,1781.26
4111,Joyce,Hughes,jamessharon@example.net,2023-11-09,Togo,VIP,5736.34
5937,Brian,Gallagher,jonesbenjamin@example.com,2024-12-10,Hong Kong,Regular,662.79
8515,Frederick,Zamora,tsmith@example.net,2023-02-09,Palau,Premium,4263.94
5160,Mario,Mckay,uanderson@example.com,2022-04-11,Cambodia,Regular,6146.27
3436,Tony,Dawson,robertmatthews@example.net,2025-01-21,Greece,VIP,2099.79
3212,Danielle,Rogers,matthewsjoshua@example.org,2024-06-11,Tanzania,Regular,1581.49
4297,Susan,Smith,johnsonvincent@example.net,2024-02-03,Malaysia,VIP,5188.99
9377,Kathleen,Ray,orobinson@example.org,2024-12-28,El Salvador,Regular,5264.23
4488,Logan,White,pamelamartinez@example.org,2024-05-19,India,VIP,6139.74
5224,Luis,Davila,ggreen@example.net,2025-02-24,Central African Republic,Premium,1741.83
2574,Andrew,Rivera,kalexander@example.org,2024-05-15,Bulgaria,Regular,4303.75
8321,Heather,Cook,josephstein@example.com,2023-01-19,Peru,VIP,3767.24
9414,Kyle,Neal,crogers@example.com,2022-05-19,Congo,Regular,3658.14
7050,Christina,Williams,brandon43@example.com,2022-04-02,Sao Tome and Principe,Regular,5897.82
3121,Jessica,Clark,walkernancy@example.org,2025-03-12,Burkina Faso,Regular,2500.44
7938,Destiny,Nguyen,mbutler@example.org,2023-03-23,Liberia,Premium,7500.92
4555,Maria,Owens,mary21@example.com,2024-04-27,Djibouti,Regular,694.3
3714,Andre,Jensen,utaylor@example.com,2022-12-08,Gambia,Premium,4621.62
9991,Scott,Strickland,owilliams@example.net,2023-02-15,Comoros,VIP,1886.67
3249,Martha,Sloan,brandonross@example.com,2024-10-31,Oman,Regular,4890.88
9734,Christine,Collins,dickersonkathryn@example.net,2022-07-19,Dominican Republic,VIP,8590.71
9905,Stacey,Weaver,scottpowers@example.org,2022-05-23,Burkina Faso,Regular,1868.13
6483,Adam,Valdez,andre43@example.net,2022-04-14,Western Sahara,Premium,4351.6
5328,Jamie,Taylor,lauren53@example.org,2024-06-27,Philippines,Premium,947.52
8632,Jenny,Sosa,angelataylor@example.org,2022-10-19,Indonesia,Regular,5338.29
4255,Kimberly,Murphy,fritznatalie@example.net,2023-12-14,Grenada,Regular,1088.87
2470,Brandon,Mathews,millsamy@example.com,2023-05-22,Maldives,Premium,9261.9
4733,Scott,Torres,jamesbarton@example.com,2024-12-09,Slovenia,Premium,9921.51
5103,Kathleen,Thomas,rbuchanan@example.com,2023-08-13,Mexico,VIP,6991.27
7806,Angelica,Flores,ecunningham@example.org,2022-07-28,Gambia,VIP,7551.43
9250,Susan,Washington,joel81@example.com,2022-06-28,Macao,Premium,7536.04
3347,James,Flynn,robertscott@example.com,2024-11-02,Lithuania,Regular,3425.86
3424,Brian,Martinez,paynethomas@example.org,2024-10-04,Montenegro,VIP,3100.22
8177,Michael,Swanson,martinezebony@example.com,2023-09-08,Maldives,Regular,4572.75
9487,Marc,Edwards,patrick56@example.net,2024-05-18,Poland,Regular,3028.35
4913,Tara,Stuart,marcus61@example.com,2022-05-25,Sao Tome and Principe,VIP,9254.82
3663,Jasmine,Johnson,kevinbaker@example.net,2023-03-11,Canada,Regular,6962.02
1554,Michael,Cox,xstewart@example.org,2023-02-23,Nicaragua,VIP,1752.34
2504,Timothy,Melton,stephanierobinson@example.com,2024-02-08,Reunion,VIP,1737.33
3859,Nicole,Torres,gregorykayla@example.net,2023-04-03,Eritrea,Regular,4934.12
5879,Christopher,Anthony,jessicacarter@example.org,2023-02-07,Timor-Leste,Premium,7630.33
5491,Barbara,Malone,erinryan@example.com,2023-12-13,Bermuda,Regular,9097.0
2931,James,Haas,pgilbert@example.net,2023-05-21,Armenia,VIP,535.14
4778,Nancy,Clark,crichardson@example.org,2024-06-09,Italy,Premium,8468.2
7203,Dillon,Wu,jeremiahwest@example.com,2024-03-15,Niue,Premium,1477.1
8134,William,Salazar,rmcmahon@example.com,2022-12-11,Tokelau,Premium,2900.65
6396,Ronald,Harris,christy41@example.net,2022-12-14,Mali,Regular,467.1
7092,Marissa,Tran,berrythomas@example.org,2023-12-04,Yemen,Regular,8272.88
5301,Kayla,Cordova,cynthiajohnson@example.net,2022-05-28,Bulgaria,VIP,7491.17
2908,Crystal,Zamora,dunntimothy@example.org,2024-01-06,Angola,Premium,5058.53
3898,Tiffany,Hayes,jesse53@example.com,2023-11-26,Tajikistan,VIP,5385.3
9477,Thomas,Smith,todderica@example.org,2022-05-12,Canada,VIP,440.31
9158,Stephen,Terrell,huntjason@example.org,2024-02-15,Hong Kong,Regular,4124.65
3650,Carrie,Wilson,timmurphy@example.net,2022-10-27,Tonga,VIP,1792.15
9364,Peter,Gonzales,veronicawilliamson@example.org,2023-03-01,Mayotte,Premium,4928.88
7728,Joel,King,fcoleman@example.net,2025-02-13,Trinidad and Tobago,Premium,5902.82
5073,Michele,Weeks,caitlinbarnett@example.org,2022-12-23,Gabon,Regular,4664.43
7942,Daniel,Garrett,christopherhawkins@example.com,2023-08-05,Costa Rica,Regular,8776.87
4310,Julie,Sandoval,hsullivan@example.com,2024-11-13,Lithuania,Regular,5585.67
4718,Nicole,Lawson,hcole@example.com,2022-07-27,Netherlands,Regular,7121.32
7584,Veronica,Gonzalez,johnjames@example.org,2024-04-30,Taiwan,VIP,8668.29
7574,Edward,Lam,bergerbrandon@example.org,2024-01-24,Lithuania,Premium,7430.63
9203,Aaron,Harrison,tburton@example.org,2022-05-18,Djibouti,Premium,8473.55
9016,Kelsey,Smith,doylejeanne@example.net,2024-05-15,Norway,Regular,7845.6
3842,Kevin,Kim,whardy@example.net,2025-01-03,Panama,Regular,5170.25
4091,Amanda,Noble,delacruzmatthew@example.net,2022-10-03,Samoa,Premium,8353.15
2321,Katherine,Brown,katherine06@example.com,2024-08-14,Lao People's Democratic Republic,Regular,9830.8
2069,Amber,Miller,christopher14@example.com,2024-09-28,Benin,Premium,8288.49
1861,Tiffany,Bender,rberry@example.com,2024-01-30,Mauritius,Regular,1338.46
5132,Heather,Frederick,bmeadows@example.com,2023-09-15,Austria,Premium,107.32
9465,Gary,Young,nicholas95@example.com,2024-12-22,Serbia,VIP,366.54
3753,Emily,Patterson,ericchung@example.net,2022-06-09,Montenegro,Regular,4889.38
2674,Hannah,Kennedy,mariacollins@example.net,2022-08-22,Antarctica (the territory South of 60 deg S),VIP,7554.46
1442,Angela,Flores,earellano@example.net,2024-11-01,Slovakia (Slovak Republic),Premium,7871.77
5653,Brittany,Williams,krichmond@example.com,2022-08-17,Greenland,VIP,4752.38
3830,Adam,Watson,davidwilliams@example.net,2025-03-22,Falkland Islands (Malvinas),VIP,8023.55
1806,Michelle,Paul,ypalmer@example.net,2022-10-14,Samoa,Regular,5262.74
1568,Julie,Stephenson,cooperbrian@example.org,2023-10-03,Nicaragua,VIP,8884.4
5147,Shelly,Garcia,joseph45@example.com,2024-04-16,Bosnia and Herzegovina,Regular,8349.73
9239,Thomas,Thomas,thomas00@example.org,2022-04-30,Swaziland,VIP,955.12
1588,Daniel,Logan,pwatkins@example.net,2024-10-08,Niger,Premium,8013.54
2651,David,Yoder,gregorybrandt@example.net,2023-06-03,Bosnia and Herzegovina,VIP,9777.01
8121,Jeffrey,Rodgers,vstewart@example.com,2024-12-17,Aruba,Regular,2297.19
8506,Jamie,Reed,johnsonfaith@example.org,2023-01-10,Ethiopia,Regular,5047.13
7560,Jason,Sims,kellyholder@example.com,2023-07-12,Philippines,Regular,4516.09
7412,Jill,Murphy,scottmay@example.com,2023-12-23,Oman,Regular,5061.29
6634,Michael,Gordon,dellis@example.net,2024-03-12,United States Virgin Islands,VIP,8589.79
2378,Natalie,Hubbard,garrettjames@example.com,2023-04-19,Maldives,Premium,3762.32
3069,Christine,Ford,nortoncharles@example.net,2023-12-12,Macao,VIP,756.14
2616,Roger,Thomas,harrisonbrian@example.com,2023-09-21,Japan,VIP,5982.57
3109,Brian,Williams,ogarcia@example.net,2024-01-15,Cocos (Keeling) Islands,Premium,8057.62
2963,Thomas,Bailey,stephanie02@example.org,2022-04-12,Tanzania,VIP,1723.25
1776,Mark,Mcdonald,sandraflores@example.com,2024-07-18,Australia,Regular,219.22
9850,Erica,Flores,emily60@example.org,2022-12-09,Egypt,Premium,3994.76
1590,Daniel,Olson,christianmora@example.net,2024-03-21,Marshall Islands,Premium,8552.62
7406,Edwin,Martin,imora@example.net,2025-01-25,Guatemala,Regular,2823.35
5095,Kimberly,Chavez,millerallison@example.net,2022-11-27,American Samoa,Regular,3451.59
5011,Michael,Mcknight,mmason@example.net,2023-05-18,Puerto Rico,VIP,7107.18
4040,Scott,Smith,kellyjohnson@example.org,2024-03-21,Macao,Premium,385.52
1601,Edward,Norman,rsmith@example.net,2022-12-21,Senegal,Premium,9817.91
9418,Alexis,Keller,betty23@example.com,2022-11-28,Bulgaria,Regular,3854.43
8760,Alyssa,Stewart,pdunn@example.org,2025-01-15,Namibia,Regular,1066.15
7044,Nicole,Reid,heatherponce@example.org,2022-12-04,Netherlands Antilles,Premium,7652.67
7640,Eric,Cruz,martinezryan@example.net,2023-05-08,Micronesia,Premium,1407.38
6485,William,Garcia,heidi72@example.net,2024-09-10,Lao People's Democratic Republic,Premium,1462.02
3894,Michele,Nguyen,jamieleonard@example.org,2024-09-26,Madagascar,Premium,2794.97
6863,Ashley,Yates,leesusan@example.org,2025-01-18,Dominica,Regular,3175.1
2165,Dale,Thomas,uryan@example.com,2024-01-08,Mayotte,VIP,415.52
3896,Mary,Skinner,josebailey@example.com,2023-09-20,Mayotte,Premium,2985.58
6142,Mark,Mccarthy,robertlawson@example.net,2024-07-26,Czech Republic,Premium,6030.57
5241,Manuel,Owens,watsonsteven@example.net,2023-12-27,Costa Rica,VIP,1240.68
4908,Lonnie,Olson,brandonwilliams@example.org,2024-09-19,Ireland,VIP,5822.38
4902,Christina,Richard,katie79@example.net,2024-11-09,Zimbabwe,VIP,235.42
4627,Curtis,Beasley,ryan12@example.org,2024-02-22,Zimbabwe,VIP,1253.24
9420,Keith,Wade,garciachad@example.com,2023-10-29,Costa Rica,Premium,7209.39
2893,Robert,Chase,villajessica@example.net,2023-07-09,Uganda,Regular,5482.63
8544,Cynthia,Stevens,sellis@example.net,2022-11-07,Morocco,VIP,6125.13
9259,Jessica,Foster,rhenry@example.com,2025-01-15,Western Sahara,Regular,1096.55
3797,Amanda,Thompson,nkelly@example.com,2022-04-01,Ghana,Regular,5800.04
1179,William,Jacobs,mary29@example.org,2022-07-30,Saint Lucia,Premium,5861.92
9977,Amanda,Steele,williammueller@example.org,2024-11-11,Greenland,VIP,5257.75
8524,Elizabeth,Johnson,annebarnett@example.org,2024-04-30,Marshall Islands,Regular,2573.45
1119,Caitlin,Harmon,dustin19@example.com,2024-08-26,Lithuania,Regular,7275.82
2788,Megan,Simpson,garciaparker@example.net,2024-12-05,Gabon,Regular,9818.86
4091,Michael,Ramirez,fbuckley@example.com,2022-08-15,Hong Kong,Regular,5690.18
2278,Meghan,Benson,williamroach@example.org,2025-02-04,Ukraine,Premium,6166.2
5246,Robert,Ponce,millsdylan@example.com,2023-03-31,Andorra,VIP,2618.96
2000,Stephen,Adams,caitlin74@example.com,2024-07-10,Heard Island and McDonald Islands,Regular,5292.0
4801,Veronica,Arnold,kevinwong@example.net,2024-04-05,French Polynesia,Regular,8593.42
2882,Edward,Jacobs,jose58@example.org,2023-05-30,Oman,Premium,9823.5
6319,Candace,Wong,tgarrett@example.com,2023-05-15,Botswana,Regular,9719.25
5893,Andrew,Scott,maxwellwilliam@example.org,2023-06-08,Oman,Premium,8611.93
4042,Heather,Cobb,alexiswilliams@example.com,2022-09-20,Grenada,Premium,2727.16
1352,Steven,Jenkins,frankford@example.net,2024-02-09,Netherlands,Regular,1415.98
9474,Roger,Rice,jyang@example.net,2022-03-28,Argentina,Premium,8479.53
9635,Gina,Rocha,kellymorgan@example.com,2023-12-03,Honduras,VIP,1934.72
2862,Christopher,Hansen,vangsteve@example.com,2023-07-09,Sierra Leone,Premium,5746.13
7248,Joshua,Davis,fischerricky@example.net,2022-09-03,Gabon,VIP,5863.9
9531,John,Campos,qsmith@example.net,2024-10-14,Rwanda,Regular,8293.67
8189,Zachary,Smith,banderson@example.org,2022-12-07,Cuba,Regular,442.58
2462,Katherine,Morales,alexisstout@example.org,2024-06-04,Turkey,VIP,4178.0
4929,David,Serrano,cohenbryan@example.org,2024-01-20,Cambodia,Premium,7972.92
6749,David,Daniels,urios@example.org,2022-11-15,Iran,VIP,527.96
1987,Peter,Miller,joshuapark@example.org,2024-07-20,Eritrea,Premium,8136.77
7317,Latoya,Reid,allencooper@example.org,2024-08-10,Italy,VIP,1297.35
7349,Theresa,Williams,hgraham@example.net,2022-04-16,Cameroon,Premium,4050.16
4717,Jason,Lowery,hardingcynthia@example.net,2024-01-09,Guinea,Regular,4359.3
9082,Michael,Mullen,claytonharrington@example.net,2024-11-25,Bosnia and Herzegovina,Regular,9688.65
1935,Brooke,Woods,amydaniels@example.net,2025-02-27,Suriname,VIP,7886.57
5650,Linda,Bailey,gravesrichard@example.com,2023-01-18,Jersey,Regular,4512.78
2859,Derrick,Patterson,mcculloughjoshua@example.com,2024-04-17,Djibouti,VIP,3400.19
7098,Raymond,Watts,michael58@example.net,2024-02-08,Latvia,Premium,7142.43
4881,Andrea,Chang,hamiltonrobert@example.net,2023-11-16,Malawi,Regular,3126.79
2079,Jennifer,Donaldson,jennifer55@example.org,2023-03-24,Malta,VIP,2228.93
8611,Kathryn,Navarro,william46@example.com,2023-02-19,Mongolia,Premium,2899.7
1661,Danielle,Robinson,zpratt@example.org,2024-12-01,Norway,Premium,7854.87
9282,Peter,Coleman,jalexander@example.net,2023-06-12,Wallis and Futuna,VIP,8970.5
4187,Cynthia,Schneider,michael53@example.org,2023-09-28,Dominican Republic,Regular,1905.76
5943,Kendra,House,andrewkerr@example.org,2022-12-03,Greece,Premium,1748.65
3832,Margaret,Morris,andrewfrench@example.net,2023-11-20,Bahrain,Premium,9253.93
3874,Kyle,Lucas,turnerjames@example.org,2024-10-05,Afghanistan,Regular,6217.92
3950,Clinton,Pearson,travismatthews@example.org,2023-06-06,Swaziland,Premium,9833.93
8979,Misty,Byrd,joel42@example.com,2023-12-13,British Virgin Islands,Premium,1412.81
5639,Sean,Cuevas,velasquezamber@example.net,2023-01-07,Puerto Rico,Premium,2779.48
5103,Kathleen,Singleton,meyersjulian@example.com,2022-11-28,Congo,VIP,8227.48
6576,Darlene,Cole,sfarley@example.net,2022-06-09,Bulgaria,Premium,9013.34
3187,Laura,Diaz,halljames@example.org,2023-10-10,Cayman Islands,Premium,1693.7
6954,Alicia,Bates,gayryan@example.com,2024-02-12,United States Virgin Islands,VIP,8728.5
7869,Kayla,Yoder,davisbruce@example.org,2023-01-01,Solomon Islands,Premium,9825.92
9416,Julian,Shaw,qwolf@example.net,2024-07-09,Greece,VIP,6872.44
5211,Howard,Aguilar,kaiserolivia@example.net,2024-12-26,Madagascar,Premium,6756.67
7061,John,Bennett,yjohnston@example.org,2023-06-16,Vanuatu,Regular,1204.84
8142,Austin,Johnson,rhensley@example.org,2023-09-06,Panama,Premium,591.48
8166,Bobby,Combs,michaelmartinez@example.org,2024-01-04,Sao Tome and Principe,Regular,8127.85
9061,Rebekah,Harris,mary94@example.net,2023-07-24,Costa Rica,VIP,3688.4
4780,Jessica,Smith,pamela75@example.net,2022-04-09,Austria,Regular,1048.13
2764,Robin,Roth,robert43@example.com,2022-08-19,Guadeloupe,Premium,911.33
5351,Scott,Whitehead,christopher53@example.net,2024-07-15,Botswana,Premium,2359.31
8334,Sandra,Warren,stephanie73@example.org,2022-08-13,Guatemala,Premium,6444.52
5552,Cindy,Thomas,jelliott@example.org,2024-02-24,United Arab Emirates,Regular,1607.04
6628,Jeffrey,Luna,matthew52@example.com,2024-04-01,Sri Lanka,Premium,8749.03
1769,Frederick,Foster,imartinez@example.net,2023-07-17,Maldives,Premium,9772.3
4366,Brandon,Cowan,freygary@example.net,2024-07-23,Nigeria,Premium,8322.85
3319,Mary,Reyes,phillip09@example.org,2024-05-31,Jersey,Premium,4020.26
8019,Alyssa,Vaughan,gregorydavid@example.net,2022-05-26,Belize,VIP,578.66
2639,Rebecca,Henderson,shawnbutler@example.net,2022-12-10,India,Regular,2696.74
5624,Mark,Knapp,raymondkent@example.org,2023-10-27,Bosnia and Herzegovina,Premium,4834.65
1508,Danielle,Eaton,whitecarla@example.net,2025-01-20,Guam,Regular,394.23
3058,Christine,Stevenson,rodriguezdarren@example.com,2022-07-17,Belgium,Regular,8057.2
2212,Laurie,George,jamie21@example.com,2022-12-28,Vanuatu,VIP,964.99
4114,Scott,Horne,brett49@example.com,2024-09-26,Syrian Arab Republic,VIP,2571.3
5282,Colton,Price,ngordon@example.org,2023-12-17,Germany,Regular,2969.14
1901,Joshua,Edwards,wortiz@example.org,2022-09-07,Central African Republic,Premium,4795.12
5032,Jodi,Mendoza,xrodriguez@example.net,2022-05-10,Spain,Regular,8485.26
4364,Debbie,Benson,walkercarolyn@example.net,2023-11-15,Guatemala,VIP,5285.16
7824,Christopher,Cruz,blakevillanueva@example.net,2025-01-13,Gibraltar,VIP,4326.78
5553,Aaron,Hunter,zhorton@example.com,2024-12-07,Cayman Islands,VIP,1159.43
3906,Mary,Wheeler,sandra27@example.com,2023-12-26,Canada,VIP,149.11
6419,Chloe,Richard,underwoodjonathan@example.com,2024-07-11,Cook Islands,Premium,293.33
8566,Luis,Levine,currymichael@example.net,2022-09-30,San Marino,Regular,8950.64
6924,Eugene,Flores,jason59@example.org,2024-10-16,Taiwan,Premium,9743.92
2404,Thomas,Wilkinson,holmesamy@example.com,2024-04-12,Grenada,Regular,2430.09
8593,Michael,Martin,janet88@example.org,2023-08-24,Samoa,Premium,8004.1
8540,Casey,Cook,deborah76@example.net,2022-06-11,Niger,VIP,4916.64
2651,Jennifer,Torres,john56@example.net,2024-10-31,Maldives,VIP,882.91
4527,Mark,Sosa,opatrick@example.org,2024-04-11,Bahamas,VIP,4290.96
2703,Alison,Sanchez,martinbrandi@example.com,2024-08-10,Italy,Premium,6398.59
3488,Mark,Robinson,brownraymond@example.com,2024-10-14,Algeria,VIP,9675.26
3993,Michael,Anderson,vgill@example.net,2023-07-25,Cyprus,Regular,7748.75
2452,Jacob,Koch,odavis@example.net,2022-05-10,Slovakia (Slovak Republic),Premium,3830.9
4611,Deanna,Howard,marcmiller@example.net,2022-12-23,Faroe Islands,Regular,3690.42
3074,David,Shah,smitherin@example.org,2022-09-20,Sweden,VIP,7879.42
4837,Billy,Palmer,cristina47@example.com,2022-05-19,Czech Republic,Regular,7471.51
8720,Lisa,Braun,ubaldwin@example.com,2023-03-25,Portugal,Regular,5855.2
2176,Charles,Stokes,juancantrell@example.com,2025-01-01,Faroe Islands,Premium,8398.58
3482,Paula,Cline,iwilliams@example.com,2022-05-07,Uzbekistan,VIP,3411.27
4889,Tiffany,Simmons,zmartinez@example.com,2024-02-19,Nigeria,Regular,4682.49
8072,Howard,Simpson,pwebb@example.com,2024-04-16,Swaziland,Regular,2322.15
2630,Melissa,Solis,stephaniemarshall@example.net,2023-02-28,Poland,Premium,4425.17
7359,Ian,Butler,dbrown@example.com,2024-05-23,Russian Federation,Premium,766.19
1099,Joseph,Howard,jillstephens@example.net,2025-01-17,Sweden,VIP,733.23
9166,Samantha,Hardy,christopherhenderson@example.com,2024-04-14,Pitcairn Islands,VIP,5863.9
1397,Suzanne,Fleming,david87@example.org,2023-10-31,United States of America,Regular,6484.36
1878,Kevin,Harrington,lauren98@example.com,2022-08-23,Kiribati,Regular,7656.41
4320,Paul,Campbell,aaron07@example.com,2022-05-18,Antarctica (the territory South of 60 deg S),Regular,9373.98
6755,Robert,Campbell,jameswilliams@example.org,2024-08-17,Christmas Island,Premium,8410.09
3912,Melinda,Ward,aguilarrandall@example.org,2022-09-07,Tonga,Premium,4299.34
7948,Veronica,Wagner,hugheschristopher@example.net,2023-05-06,Samoa,VIP,7349.43
9080,Sean,Pennington,sarahkelley@example.net,2023-12-27,Gabon,VIP,1323.1
7062,Jennifer,Tran,anthony51@example.net,2023-05-29,Guinea,Premium,6430.07
4129,Cynthia,Reed,thomasphillips@example.net,2024-07-29,Georgia,Regular,4042.87
9331,Kerry,Henderson,garciakaren@example.net,2022-04-26,Eritrea,Premium,4524.54
1019,Samuel,Anderson,michelletaylor@example.net,2024-03-21,Morocco,Premium,1983.57
4494,Regina,Reed,natalierogers@example.com,2024-10-31,Cameroon,Premium,8468.99
3813,Mark,Bailey,stacey21@example.com,2023-11-29,Albania,Regular,8799.17
9206,Alicia,Jenkins,kathrynrodriguez@example.net,2023-01-26,Comoros,VIP,4083.22
9838,Scott,Joseph,thomasjon@example.net,2023-03-11,Saudi Arabia,Regular,8868.4
9782,John,Hartman,christopherparker@example.com,2022-09-27,Ecuador,VIP,4581.17
3626,James,Gilbert,langkevin@example.net,2024-12-06,Iraq,Premium,556.94
2346,Tommy,Wheeler,shawnhoward@example.net,2022-08-14,Angola,VIP,1041.87
2131,Sharon,Clayton,caitlincross@example.org,2024-01-29,Yemen,Regular,3914.99
3413,Andrew,Miller,hernandeznathan@example.org,2024-12-09,Kenya,Premium,7936.87
7460,Abigail,Gonzalez,psmith@example.net,2024-04-01,Benin,Premium,4529.7
5829,Melissa,Williams,stacywilliams@example.com,2023-07-01,Saint Martin,Regular,1258.4
8672,Joseph,Black,billy91@example.org,2024-04-02,Malta,Premium,3178.72
9653,Carol,Rice,lorraine28@example.com,2022-06-26,Italy,Regular,7728.19
3678,Gary,Hernandez,victorialandry@example.net,2023-04-03,Bahamas,Premium,8569.4
5612,Heidi,Daniel,ronaldmckinney@example.net,2024-01-26,Benin,VIP,3819.97
3548,David,Moore,markgibson@example.org,2024-03-08,Palestinian Territory,Regular,4584.12
6964,Michael,Jones,wattsjoshua@example.org,2022-10-16,Saint Helena,VIP,8839.37
4700,Philip,Douglas,robertcross@example.com,2025-02-23,Niue,Regular,1107.35
7328,Parker,Jensen,maryturner@example.net,2022-08-10,Lithuania,Premium,3022.19
9837,Dylan,Wheeler,andersonraymond@example.org,2022-11-26,Rwanda,Regular,5966.82
3559,Patrick,Brown,svillarreal@example.net,2022-08-21,Palestinian Territory,Regular,9425.02
8802,Stephanie,Johnson,martindylan@example.org,2025-02-11,Cameroon,Regular,6878.83
4339,Barbara,Roberson,ncruz@example.com,2023-10-02,Zambia,Regular,4831.62
1895,David,Roberts,brianamiller@example.com,2024-02-16,Jersey,Regular,4981.25
4596,Amanda,Bates,qsnyder@example.com,2022-07-16,American Samoa,Regular,9418.17
1026,Olivia,Warner,harold82@example.org,2024-11-09,Netherlands,VIP,1845.39
8746,Suzanne,Anderson,jennifer98@example.com,2024-05-28,Nicaragua,VIP,1848.87
8204,Michelle,Evans,brownmicheal@example.org,2023-02-08,Kiribati,Regular,3812.46
5845,Brian,Good,robinfields@example.org,2023-03-16,Dominica,VIP,8642.84
6924,Miranda,Jenkins,kayla24@example.org,2024-02-24,Cayman Islands,VIP,3863.35
5057,Kirk,Harrison,david45@example.com,2023-11-04,Montenegro,VIP,300.49
2989,Philip,Paul,wsmith@example.net,2024-09-11,United Kingdom,Regular,5718.24
9669,Jason,Smith,kiddmichael@example.com,2023-04-01,Korea,Premium,9994.06
5928,Andrea,Clayton,david58@example.net,2022-04-09,Kazakhstan,Regular,7163.32
3050,Raymond,Deleon,wallsralph@example.org,2025-02-16,Libyan Arab Jamahiriya,Regular,2674.16
1227,Vincent,Ortega,andre87@example.net,2023-04-02,Qatar,Premium,6025.57
8298,Melissa,Hunter,crossmanuel@example.com,2022-04-01,Venezuela,Regular,8554.19
5777,Cindy,Armstrong,julie31@example.com,2024-02-24,Malta,VIP,4025.45
8026,Scott,Smith,vmejia@example.org,2022-12-23,Jordan,VIP,8658.79
1347,Ryan,Stewart,andrewrodriguez@example.org,2023-12-16,Serbia,Premium,9976.78
2626,Teresa,Wilson,cjackson@example.com,2023-01-30,Bhutan,Premium,1348.79
4332,Brandi,Kane,noblejames@example.com,2023-11-23,Guernsey,Regular,7306.47
8540,Edward,King,josephsmith@example.net,2022-10-29,Dominican Republic,Regular,4916.14
9457,Mia,Hunt,conradstacy@example.net,2024-03-15,Sao Tome and Principe,VIP,1525.41
5113,Daniel,Conley,bradleywinters@example.org,2022-08-08,Holy See (Vatican City State),Premium,2743.02
8036,Craig,Ramirez,paulbrown@example.com,2023-04-04,Netherlands,Regular,3005.15
9931,Nancy,Norton,heathedward@example.com,2022-04-26,Costa Rica,VIP,1616.38
6192,Stephanie,Mitchell,jean54@example.org,2022-10-02,Oman,Premium,2162.86
7736,Mark,Hughes,erichancock@example.net,2022-08-27,Moldova,Premium,5748.13
3844,Erin,Chambers,twillis@example.com,2024-05-26,Tokelau,Regular,6329.07
3009,Margaret,Randall,josephochoa@example.com,2022-08-07,Japan,Premium,7631.81
9738,Anthony,Vazquez,scottwilliam@example.org,2023-05-10,French Southern Territories,VIP,9304.71
3126,John,Taylor,james17@example.net,2022-04-04,Belarus,VIP,1601.37
1858,Brian,Wright,wsanders@example.com,2023-04-10,Germany,Premium,8408.97
9168,Roger,Sandoval,leebrian@example.org,2025-01-13,Comoros,Regular,8404.22
8655,Tiffany,Martin,blakecombs@example.com,2023-10-23,Saint Barthelemy,Premium,6449.67
7478,Dawn,Cook,daniel52@example.com,2024-01-24,Brazil,Regular,5439.59
6496,Marcus,Powell,lynn60@example.net,2024-08-25,North Macedonia,Premium,1813.92
2945,Rebecca,Sanchez,wlee@example.com,2022-12-04,India,Regular,8896.48
2827,Shirley,Smith,cameronmorales@example.org,2024-09-06,Trinidad and Tobago,VIP,9659.59
7777,Janet,Bell,boonematthew@example.net,2024-03-07,Costa Rica,VIP,5052.62
7745,Ricky,Bryant,ecarey@example.net,2022-11-25,Burkina Faso,Regular,7938.97
8432,Robyn,Mueller,kwelch@example.com,2023-07-10,Georgia,Regular,9196.53
9340,Daniel,Turner,parker96@example.org,2024-09-08,Wallis and Futuna,Regular,3683.65
2713,Eric,Porter,kingholly@example.com,2024-01-15,Lebanon,VIP,8573.05
2132,Gregory,Williams,kenneth15@example.com,2022-08-08,Ethiopia,VIP,8905.3
7474,Barry,Mason,lisa33@example.net,2022-10-23,United Arab Emirates,VIP,9935.93
3684,Scott,Dennis,bjones@example.org,2024-11-21,Burundi,VIP,7423.14
1068,Angelica,Morgan,reyesvincent@example.com,2022-05-01,San Marino,Regular,8084.59
9010,Danielle,Butler,caldwellbryan@example.com,2025-03-05,Western Sahara,Regular,8001.19
7417,Raymond,Cortez,lisa80@example.com,2022-09-13,New Zealand,VIP,2509.98
7524,Larry,White,alexalane@example.org,2022-10-08,San Marino,Premium,2478.73
7702,Donna,Jones,johnperry@example.org,2022-04-18,Bolivia,VIP,2292.12
6483,Alicia,Mcbride,stevensjames@example.com,2025-02-06,Latvia,Premium,2620.72
2210,Jason,Jackson,snyderemily@example.com,2024-04-26,Saint Pierre and Miquelon,Premium,4829.2
8539,Christine,Kirk,olopez@example.org,2023-05-15,Norfolk Island,VIP,4285.99
4494,Cynthia,Meadows,sandraweiss@example.net,2024-06-01,Puerto Rico,Regular,8087.01
8842,Steven,Hopkins,hernandeztina@example.net,2023-11-15,Christmas Island,VIP,9033.01
7592,Melinda,Flores,sstanley@example.com,2023-05-01,Botswana,Regular,4977.93
9851,Evan,Cameron,randolphbianca@example.com,2023-10-07,Brunei Darussalam,VIP,8185.98
5737,Jennifer,Tucker,teresa74@example.com,2023-10-28,Nauru,Premium,7804.98
8839,Philip,Wilson,markmoody@example.org,2023-06-26,Fiji,Premium,9550.81
2190,Daniel,Arnold,juan79@example.net,2024-05-23,Saint Barthelemy,VIP,768.74
4242,Adam,Valdez,tpage@example.org,2023-06-03,Malawi,Premium,1066.53
6452,Melissa,Escobar,williamwade@example.org,2025-03-20,Haiti,Premium,7954.26
1067,Deborah,Cox,mariachambers@example.com,2024-09-27,Bermuda,Premium,2704.27
9377,Melissa,Melton,masonjennifer@example.org,2022-04-02,South Africa,Premium,5471.81
2436,Ryan,Herrera,timothy81@example.com,2024-06-20,Korea,Premium,1133.82
4787,Katrina,Harrison,mason66@example.org,2023-12-08,Reunion,VIP,418.88
5711,Anthony,Porter,hobbschad@example.com,2025-01-27,Antarctica (the territory South of 60 deg S),Premium,4456.2
1615,Andrew,Horton,rhonda22@example.net,2024-10-17,Heard Island and McDonald Islands,Premium,9543.57
7105,Danielle,Avila,taylortracy@example.net,2023-04-11,Grenada,VIP,668.69
4016,Samuel,Nguyen,victoria11@example.net,2023-05-21,Tanzania,Regular,9882.14
7471,Scott,White,davidmccarthy@example.net,2025-01-04,Pakistan,Regular,4492.0
2283,Brian,Osborne,christinehart@example.com,2022-10-27,Denmark,Regular,1079.66
3606,Tim,Bryan,igonzalez@example.com,2024-03-11,Saint Barthelemy,Regular,9788.27
4397,William,Miller,shelby93@example.com,2023-11-12,Sri Lanka,VIP,6022.53
3917,Jacob,Knight,monica69@example.com,2023-09-11,Ukraine,Premium,1970.89
6295,Michael,Mullins,schneideralyssa@example.com,2024-06-12,Dominican Republic,VIP,5049.95
2956,Kimberly,Underwood,bblack@example.net,2024-03-27,Uganda,Premium,4311.62
8044,Todd,Moody,wendy59@example.org,2022-07-06,Costa Rica,Regular,6742.36
3522,Amy,Mitchell,ftanner@example.org,2022-08-21,Heard Island and McDonald Islands,Regular,4334.88
1126,Melissa,Lopez,rhonda32@example.net,2023-02-26,Kazakhstan,VIP,498.42
2122,Dustin,Pearson,nicoleballard@example.net,2024-06-16,Japan,Premium,9085.09
7236,Melanie,Jefferson,tonykelley@example.net,2022-09-02,Kuwait,VIP,6914.18
6892,Amber,Anderson,daniellopez@example.net,2024-11-02,Malawi,VIP,4380.68
5550,Deanna,Barnes,mscott@example.net,2023-08-23,South Africa,Regular,5821.68
2819,Ashley,Weiss,tholmes@example.com,2022-06-16,Honduras,Regular,4854.97
8092,Briana,Franklin,pchapman@example.com,2024-08-26,Equatorial Guinea,Premium,4050.88
9764,Eugene,Deleon,devans@example.org,2023-04-03,Liberia,Premium,1766.61
8332,Lori,Richardson,mcdonaldstacy@example.org,2023-11-07,Denmark,Regular,1982.92
7689,Derrick,Hatfield,frankjones@example.net,2023-08-11,Benin,Regular,5263.18
9693,Meredith,Taylor,pricerobert@example.org,2022-05-17,Turkmenistan,Regular,5716.36
9942,Heather,Torres,ajames@example.net,2022-04-16,Bolivia,Premium,6936.04
1478,Jim,Melton,mooremindy@example.net,2023-11-01,Faroe Islands,Premium,848.97
8057,Robert,Andrews,smeyer@example.org,2023-12-17,Taiwan,Regular,6897.62
2960,Teresa,Rogers,tmitchell@example.com,2022-08-01,American Samoa,VIP,414.19
9860,Robert,Pittman,joannaturner@example.com,2023-01-23,American Samoa,Premium,4777.31
5296,Tina,Jackson,zachary12@example.net,2025-01-28,Cuba,Regular,2437.39
8125,Timothy,Jones,deniseanderson@example.org,2024-10-31,Guam,Regular,8553.07
6475,Gerald,Ramirez,rjohnson@example.org,2025-01-01,Tokelau,Premium,3286.23
8983,Veronica,Berry,scottheather@example.net,2023-04-13,Libyan Arab Jamahiriya,VIP,7984.83
5057,Briana,Russell,cynthia07@example.net,2023-10-25,Yemen,Regular,5339.38
3114,Adam,Johnson,dustin76@example.com,2023-09-16,Panama,Regular,7026.65
3995,Christopher,Clark,antonio66@example.net,2025-03-01,Peru,VIP,5179.67
4437,Jennifer,Johnson,qaguilar@example.org,2022-06-29,Saint Pierre and Miquelon,VIP,9594.5
6310,Christine,Smith,beckershelby@example.net,2022-05-13,Portugal,Regular,8144.72
3605,Richard,Chen,ucampbell@example.net,2024-01-21,Burkina Faso,Regular,6268.67
7758,Lindsey,Wallace,anthony41@example.net,2023-05-20,Guernsey,VIP,3674.89
9511,Thomas,Sharp,crystal35@example.net,2024-03-04,Dominica,Regular,1271.58
4226,Christine,Cooper,brittany08@example.com,2023-11-15,Rwanda,Regular,3817.27
4992,Cheryl,Dudley,wattsmanuel@example.com,2023-09-07,Zambia,Regular,3616.64
4981,Shannon,Waters,cynthia16@example.net,2024-12-16,Greece,Regular,3806.73
6600,Shannon,Moore,santanajeffrey@example.com,2023-10-11,Georgia,VIP,4337.89
4865,Benjamin,Randall,carpenterjennifer@example.com,2024-10-12,Latvia,VIP,7110.18
3566,Cheryl,Lewis,zdavidson@example.org,2022-07-30,Guernsey,VIP,6775.08
7889,Edwin,Moon,moralessabrina@example.org,2024-04-27,Zimbabwe,Regular,6570.79
4783,Laura,Martin,wross@example.net,2024-02-16,Saint Vincent and the Grenadines,Premium,8841.4
9343,Julie,Vaughan,usmith@example.com,2023-08-10,New Zealand,VIP,1556.04
4036,Alexis,Sanchez,aaronsmith@example.net,2022-08-19,Saint Pierre and Miquelon,Premium,9044.91
8786,Tammy,Morris,ugibson@example.org,2025-01-02,Cameroon,Regular,5722.06
8784,Alexander,Acosta,tfreeman@example.com,2022-08-15,Slovakia (Slovak Republic),Regular,5388.37
5587,Robert,Moore,anthony66@example.net,2024-07-08,Isle of Man,Regular,384.4
8884,Colleen,Young,marybaker@example.com,2022-10-06,French Southern Territories,VIP,8812.17
3706,Ellen,Golden,emilysmith@example.com,2024-08-17,French Polynesia,Premium,5831.63
1017,Joshua,Medina,xsimmons@example.com,2024-06-19,Iraq,Regular,7442.34
6902,Mia,Munoz,virginiawalls@example.com,2023-06-15,Cocos (Keeling) Islands,Regular,3996.74
8261,Nathaniel,Nguyen,bryan91@example.net,2022-10-27,Northern Mariana Islands,VIP,6208.09
9459,Tina,Smith,amandahunter@example.org,2023-08-16,Liechtenstein,VIP,6040.91
5617,Ronald,Bender,kevin44@example.net,2024-06-19,Colombia,Regular,5642.11
1213,Timothy,Gardner,crussell@example.org,2024-11-25,Tuvalu,Regular,5318.65
3347,Michelle,Diaz,michelle36@example.com,2024-03-25,Holy See (Vatican City State),VIP,2988.31
1694,Joshua,Benitez,kathrynjones@example.org,2023-11-02,Cameroon,Regular,9694.49
8550,Eric,Finley,lesliefleming@example.org,2024-05-17,Argentina,VIP,359.1
3567,Jennifer,Silva,xconley@example.com,2024-06-12,Kazakhstan,Premium,4695.56
3513,Pamela,Moore,wrightmichael@example.com,2023-01-23,Eritrea,Premium,747.17
6300,Phillip,Rogers,sanchezsheryl@example.com,2023-03-19,Central African Republic,VIP,3382.94
9218,Sonya,Reese,dparker@example.com,2024-09-24,Greece,Regular,6656.89
3802,Jonathan,Allen,mitchellwayne@example.com,2024-08-26,Cameroon,Premium,5109.9
6492,Emma,Hull,vmiller@example.com,2024-06-18,Macao,Premium,6890.44
3651,Christopher,Romero,robinwalter@example.org,2024-06-10,Rwanda,Regular,1783.45
6212,Ronnie,Rodriguez,barbara44@example.org,2024-10-08,Jamaica,Premium,5063.41
8621,Katherine,Myers,suzannegraves@example.org,2025-02-01,Singapore,VIP,3256.13
4249,Connie,Osborne,gnewton@example.net,2024-10-12,British Indian Ocean Territory (Chagos Archipelago),Regular,6688.02
8621,Gary,Duffy,elizabeth93@example.com,2023-02-22,France,VIP,6094.31
6846,Joanne,Anderson,rstanley@example.com,2022-12-02,Martinique,Regular,3568.44
3446,Ashley,Rogers,john56@example.org,2022-12-03,Switzerland,Regular,2621.71
6530,Jenny,Ibarra,misty37@example.org,2023-11-15,Portugal,Premium,7143.24
3288,Elijah,Moore,thompsonbarbara@example.org,2022-06-05,Nicaragua,Regular,3553.73
7865,Andrew,Patel,tyronehines@example.com,2023-01-06,Nepal,VIP,676.76
1565,Jonathan,Zamora,katelynbailey@example.com,2024-12-08,Somalia,VIP,2210.49
1881,Priscilla,Brown,michaelhaney@example.org,2024-05-02,Saint Kitts and Nevis,VIP,9802.43
7689,Jessica,Cuevas,bowmankathy@example.org,2022-12-17,Sao Tome and Principe,VIP,8090.5
1834,Jose,Green,ywilliams@example.com,2023-11-13,Turkmenistan,VIP,9690.29
6245,Thomas,Bennett,donaldsonjennifer@example.com,2024-07-03,Spain,VIP,7885.27
4542,Aaron,Campbell,iromero@example.com,2023-02-06,Central African Republic,Regular,3130.96
6001,Frank,Reid,qwilliamson@example.net,2024-03-03,Lebanon,Premium,4899.39
7901,Anthony,Moore,gerald59@example.net,2022-09-13,Mauritania,VIP,2580.8
9482,Brandon,Reeves,slawson@example.org,2023-04-25,Grenada,Premium,424.78
2249,Joshua,Gonzales,cbrewer@example.com,2023-12-28,Nepal,VIP,2720.94
4456,Tonya,Blanchard,spage@example.net,2024-07-20,Guernsey,Regular,9858.96
3628,Raymond,Davenport,andersoncraig@example.com,2024-03-15,Cyprus,VIP,7043.71
7323,Clifford,Valenzuela,eguerra@example.net,2025-03-11,Swaziland,Regular,6104.11
5048,Brian,Howell,burkejesse@example.com,2023-09-07,Gabon,VIP,3682.24
9799,Emily,Harris,manuelbruce@example.net,2024-02-27,Malawi,Premium,6481.11
9064,Christy,Mccann,gregory62@example.org,2024-06-23,Tonga,Premium,6634.27
9662,Jacqueline,Mccoy,sullivanstanley@example.com,2024-06-14,Ireland,VIP,7387.14
5693,Jonathan,Harris,uanthony@example.org,2022-08-15,Saudi Arabia,VIP,7488.99
3873,Christopher,Gross,jamie18@example.net,2022-12-28,Vanuatu,VIP,9308.13
5407,James,Barnes,garciawilliam@example.net,2024-02-21,Albania,Premium,8589.37
7769,Tammy,Simpson,jessica85@example.org,2024-12-28,Hong Kong,Regular,3164.47
3897,Charles,Horton,spencerjeremy@example.org,2023-10-05,Fiji,Premium,4720.24
5443,Jeremy,Griffith,walkerwilliam@example.net,2022-12-09,Cape Verde,Premium,4120.42
8919,Brent,Roberts,robinbecker@example.org,2022-10-25,Bermuda,VIP,6002.56
3557,Jessica,Rice,mary11@example.net,2025-01-19,Greece,Regular,6157.28
8462,Kristina,Smith,smithjacqueline@example.org,2022-08-19,Israel,VIP,6030.31
9210,Kenneth,Crawford,heathersmith@example.com,2024-04-08,India,VIP,5957.66
8830,Ronald,Hutchinson,taylor73@example.net,2024-08-14,Finland,Premium,7190.53
7021,Taylor,Williams,regina32@example.org,2023-05-20,Madagascar,VIP,5420.44
1373,Derrick,Dixon,qbenitez@example.com,2025-03-21,Germany,Premium,9351.39
6651,Gloria,King,dixonjennifer@example.net,2024-03-26,Solomon Islands,VIP,2530.33
1329,Brittany,Vasquez,bnguyen@example.net,2023-11-14,Italy,VIP,3788.56
8399,Steven,Simon,yhernandez@example.com,2024-12-20,Tuvalu,VIP,8852.54
4650,Erika,Clements,patriciaarnold@example.org,2025-03-09,Iran,Premium,5724.38
5074,Jessica,Thompson,mmason@example.org,2022-03-27,Timor-Leste,Premium,4560.62
3398,Anthony,Carter,jordanseth@example.org,2024-02-06,Guernsey,Regular,8267.33
8305,Joseph,Mathis,fergusonteresa@example.com,2025-02-26,Christmas Island,Regular,7598.12
8787,Elizabeth,Thompson,brownbetty@example.net,2023-04-08,Mauritius,Premium,5764.06
3756,Richard,Fisher,pauljohnson@example.net,2023-03-02,Central African Republic,Regular,128.64
6655,Wesley,Smith,sfleming@example.org,2024-04-19,Antarctica (the territory South of 60 deg S),Regular,7666.49
5671,Kristina,Jones,hamiltonmaria@example.org,2023-08-28,Czech Republic,VIP,3961.52
2431,Joseph,Williams,juanstevens@example.com,2024-04-24,Togo,Regular,2003.34
9185,Paige,Rowland,blakegibson@example.net,2023-12-25,Ireland,VIP,5892.98
7825,Robert,Martinez,johnlucas@example.net,2022-06-15,Bahamas,Premium,7893.89
9699,Kathryn,Horton,francisjohn@example.org,2022-09-06,Sweden,Regular,4995.43
2643,Courtney,Brewer,hopkinsshaun@example.org,2023-01-09,Kyrgyz Republic,Premium,7231.22
7964,Corey,Foster,tbest@example.org,2023-08-21,Belgium,VIP,2939.24
8117,Anne,Garcia,petersondevin@example.org,2023-01-06,Tuvalu,Regular,6449.15
7964,Charles,Alexander,cunninghamlisa@example.org,2022-05-15,Antigua and Barbuda,Premium,6531.55
8468,Matthew,Brown,ssolis@example.com,2022-10-14,Cape Verde,Regular,5318.04
2606,William,Hudson,margaretmoody@example.net,2022-11-20,Taiwan,Regular,8065.35
6879,Carlos,Murphy,gayjessica@example.com,2023-03-24,Egypt,VIP,9195.2
1315,Christopher,Brooks,grantjoy@example.net,2023-04-05,Trinidad and Tobago,Premium,9849.8
9184,Renee,Malone,hmarquez@example.com,2022-05-10,Angola,VIP,1540.29
2169,Jason,Stewart,kylecastaneda@example.org,2022-10-17,Nepal,Premium,7210.24
9675,Barbara,Maynard,yanderson@example.com,2023-10-09,Guyana,VIP,3912.9
2249,Aaron,Graves,vharvey@example.org,2023-05-14,Cocos (Keeling) Islands,VIP,1902.78
8258,Suzanne,Todd,erikadouglas@example.org,2022-10-20,British Indian Ocean Territory (Chagos Archipelago),VIP,3866.73
9673,Mary,Wallace,patriciarobinson@example.org,2022-06-04,Congo,Premium,7713.55
4441,Bryan,Hampton,jesse41@example.net,2024-03-18,Aruba,Regular,6131.29
8079,Joshua,Johnson,vkelley@example.org,2024-09-22,Italy,Premium,1848.69
3453,Chelsea,Johnson,kevinflores@example.com,2024-11-25,Spain,Regular,3740.2
1997,Julia,Bass,smithsarah@example.com,2022-05-26,Armenia,Regular,1745.76
7870,Anne,Lopez,smurphy@example.net,2024-01-21,Congo,Premium,756.96
8780,Vickie,Collins,jorge84@example.net,2022-06-02,Benin,Regular,4979.93
1983,James,Flowers,cassandraeaton@example.com,2024-06-28,Palestinian Territory,Regular,212.52
9511,Robert,Ramirez,joycemicheal@example.org,2023-10-19,French Guiana,VIP,6523.84
5595,Patrick,Luna,ronaldmckay@example.org,2022-10-25,Montenegro,Premium,5226.28
1918,Evelyn,Cummings,lori94@example.org,2023-05-17,Morocco,VIP,5051.02
9471,Alicia,Gonzalez,thomas46@example.net,2022-06-25,Kuwait,Regular,6390.31
3367,Philip,Mendez,kristina47@example.net,2024-10-03,Peru,VIP,6006.03
2439,Rhonda,Lopez,tcook@example.net,2025-02-19,Russian Federation,Regular,2479.6
8788,Kristina,Cortez,jonathanphillips@example.org,2023-04-17,Puerto Rico,VIP,6500.7
5458,Stephanie,Walton,nmurphy@example.net,2022-03-31,United Arab Emirates,VIP,6660.46
8401,Catherine,Melendez,hparker@example.org,2024-10-13,Swaziland,VIP,2498.24
7007,Rodney,Hubbard,robertadams@example.org,2024-09-05,Chile,Regular,9083.73
8132,Jeffrey,Banks,lanecharles@example.com,2022-07-21,Lebanon,Regular,9146.84
6685,Allen,Moore,pgill@example.net,2022-11-06,Myanmar,VIP,3389.27
4047,Peggy,Chambers,butlerjoy@example.net,2022-08-13,Burkina Faso,Regular,9053.43
1329,Reginald,Herrera,kwilkins@example.com,2024-11-16,Ghana,Regular,9751.29
7446,Rebecca,Watson,silvakenneth@example.org,2024-04-18,Zimbabwe,VIP,6828.95
4169,Tammy,Chen,pcook@example.com,2025-02-24,Aruba,VIP,868.28
8641,Tonya,Herrera,linda36@example.net,2023-08-25,India,VIP,6293.88
6265,Roy,Salas,nicholashodges@example.org,2024-07-03,Moldova,VIP,4081.27
2327,John,Young,baileyjessica@example.org,2024-02-14,Gambia,Regular,642.9
3080,Bryan,Ellison,xwalter@example.net,2023-06-08,Romania,Premium,3024.57
9842,Gerald,Werner,david59@example.net,2023-01-11,Northern Mariana Islands,Premium,7228.4
4529,Jennifer,Armstrong,william33@example.net,2023-08-31,Liechtenstein,Regular,9904.02
7761,Michael,Henry,jeanne14@example.org,2023-11-24,Haiti,Regular,484.5
1070,Kayla,Anderson,ryanwanda@example.net,2022-12-04,Guernsey,VIP,5436.97
2070,Shawna,Martinez,melissagutierrez@example.net,2023-02-03,Taiwan,Premium,5264.09
1835,Michele,Clark,brenda08@example.org,2023-07-23,New Caledonia,Regular,5153.67
8432,Danielle,Smith,gmaxwell@example.net,2024-03-04,Nicaragua,Premium,132.56
1699,Joseph,Harris,nthomas@example.net,2024-07-20,Italy,Regular,3208.22
2552,Sarah,Knight,elliottmatthew@example.com,2022-12-06,Wallis and Futuna,Regular,1432.36
3981,Scott,Swanson,kschmidt@example.net,2022-06-28,Congo,Premium,9042.43
4367,Angela,Martinez,sharon84@example.org,2024-12-24,Poland,Regular,9360.57
8116,Eduardo,Duffy,banksjoshua@example.com,2024-03-16,Djibouti,Premium,8507.78
7835,Eric,Rodriguez,anthonyhernandez@example.com,2023-09-12,Ukraine,VIP,4292.27
1851,Jill,Phillips,melissawilson@example.com,2024-11-25,Pitcairn Islands,VIP,6934.92
6172,Mark,Jennings,beltranmorgan@example.org,2023-12-19,Chile,Regular,8529.78
4676,Michael,Richards,melanie77@example.net,2022-10-24,Congo,Regular,6077.81
1378,Patrick,Sims,hjenkins@example.org,2024-11-16,Belize,VIP,3100.0
6386,Benjamin,Patel,iking@example.net,2023-02-12,Japan,Regular,640.32
5724,Anthony,Bentley,chelsea04@example.org,2024-06-30,Falkland Islands (Malvinas),Regular,5152.46
3790,Matthew,Gordon,nlawson@example.com,2024-03-18,Bhutan,VIP,9008.63
7031,Shelly,Reynolds,wagnermichael@example.org,2024-12-02,Bahrain,VIP,4664.41
9388,Sharon,James,christopheralexander@example.net,2023-01-11,Turkmenistan,VIP,5895.22
3429,Justin,Rivera,rosejoseph@example.com,2024-12-31,Zambia,Regular,836.2
7777,Jonathan,Harris,whampton@example.com,2025-03-18,Saint Helena,VIP,3861.86
7926,Gina,May,albertpham@example.net,2024-12-04,Cote d'Ivoire,Regular,5953.57
9047,Gary,Doyle,lauraperkins@example.net,2023-08-31,Guatemala,Premium,3812.05
3909,Russell,Mccullough,alexandra74@example.org,2023-05-04,New Caledonia,Premium,4199.54
4592,Jacqueline,Cole,lstevens@example.org,2023-11-10,Chile,Premium,6738.87
8298,Barbara,Hudson,richard08@example.net,2022-11-06,Tunisia,VIP,5875.1
3592,Heather,Lopez,rbenson@example.org,2024-07-01,Venezuela,Regular,8522.79
7500,Thomas,Anderson,jnavarro@example.com,2024-01-23,Pitcairn Islands,Regular,3316.95
5413,Stephanie,Sanchez,patrick40@example.org,2025-03-03,Maldives,Regular,4101.66
8669,Natasha,Aguilar,lisasimmons@example.org,2024-05-30,India,VIP,772.3
3175,Keith,Dodson,monicagutierrez@example.net,2024-04-27,Jersey,Regular,738.46
6445,Lori,Barnett,gstafford@example.org,2022-04-24,Belgium,Premium,1482.21
3924,Thomas,Johnson,michaellewis@example.com,2023-05-01,Rwanda,VIP,4890.75
8220,Vicki,Bass,scontreras@example.com,2024-01-01,Monaco,VIP,7697.19
5042,James,Meyer,antoniowilson@example.com,2023-06-07,Micronesia,Regular,6863.53
8197,Christian,Johnson,cynthia59@example.org,2023-10-28,Estonia,Regular,301.35
3718,Jonathan,Mendoza,meghan16@example.org,2024-04-27,Zambia,Regular,9916.31
5421,Janet,Miranda,juanmitchell@example.org,2023-01-10,Tunisia,Premium,8091.17
4126,Gina,Davis,thorntondamon@example.org,2024-06-20,Eritrea,VIP,1505.55
8856,Alejandra,Garcia,matthewshannon@example.com,2025-01-14,Western Sahara,Premium,7080.99
6756,Steve,Hill,paulacole@example.net,2024-10-20,Aruba,Regular,1721.44
6022,Ryan,Harris,theresajohnson@example.org,2024-09-20,Bosnia and Herzegovina,VIP,6590.14
8713,Christopher,Mack,torresjennifer@example.org,2023-12-11,Northern Mariana Islands,Premium,5974.3
1445,Joseph,Jackson,lynchamanda@example.com,2024-08-30,Niue,Regular,6474.32
1758,Terry,Ray,zhawkins@example.com,2023-04-25,Tajikistan,VIP,3163.75
3751,Elizabeth,Monroe,alvaradomary@example.net,2024-06-19,Lao People's Democratic Republic,Premium,9195.64
3654,Janet,Palmer,chelseahogan@example.com,2024-01-22,Cape Verde,Regular,1798.39
8977,Christopher,Hicks,leslie12@example.org,2022-03-26,Zambia,Regular,4446.19
8591,Deborah,Chavez,cgriffith@example.com,2024-05-02,French Polynesia,VIP,2893.99
4678,Michael,Sosa,vanderson@example.org,2022-08-14,Netherlands Antilles,VIP,1180.51
2602,Yvonne,Munoz,walkershirley@example.com,2024-11-07,Liberia,Premium,6290.78
4231,Chase,Munoz,ngarcia@example.net,2024-08-09,Palestinian Territory,Regular,6060.03
1430,Mark,Mullins,smithemma@example.net,2023-11-11,Guyana,Premium,5884.77
5317,Matthew,Garcia,leekenneth@example.org,2024-04-29,Botswana,Regular,2944.15
8574,Danielle,Snyder,amybennett@example.net,2022-07-30,Liberia,VIP,7260.23
3686,Mary,Wang,melanieruiz@example.net,2024-06-19,Antigua and Barbuda,Premium,8091.34
6146,Keith,Dean,patriciawhite@example.org,2022-11-25,Bulgaria,Premium,8251.46
7048,Erik,Hall,patricia55@example.com,2022-12-04,Cyprus,VIP,1617.27
6419,Tanya,Zimmerman,dianapalmer@example.net,2023-12-23,Canada,Regular,5520.29
1114,Michael,Bryant,stephanie44@example.org,2023-04-02,Saudi Arabia,VIP,3900.53
3185,Wendy,Fletcher,parkerrandy@example.net,2023-08-25,Guernsey,Regular,4885.55
1946,Jesus,Villa,acostamichelle@example.org,2022-04-18,Congo,Premium,9768.72
2829,Diane,Hopkins,rachel84@example.org,2023-12-09,Northern Mariana Islands,Premium,5555.33
1212,Abigail,Guerra,dawn17@example.net,2023-07-18,Holy See (Vatican City State),VIP,108.83
6620,Crystal,Flores,karenortiz@example.net,2024-06-16,United States Minor Outlying Islands,Regular,756.52
6151,Nathan,Warren,mooreallison@example.org,2023-04-03,Hong Kong,Regular,5759.98
9533,Kathryn,Garcia,tyleracosta@example.org,2023-11-20,Venezuela,Regular,8022.71
6407,Tracey,Ramos,jordankathleen@example.com,2024-09-11,Yemen,Regular,7468.43
6239,Paul,Dillon,sanchezjonathan@example.net,2022-07-20,Western Sahara,Premium,2210.55
4252,Kyle,Garrison,staceyrojas@example.org,2024-12-04,France,Regular,246.19
1523,John,Turner,rhondadavis@example.org,2024-02-01,Chile,Regular,4711.03
8767,Jeffery,Hardy,michaelbeck@example.org,2023-01-02,Ecuador,Premium,2569.98
6479,Johnny,Welch,hgordon@example.net,2023-09-13,Paraguay,Premium,558.57
7861,Matthew,Walker,anthonygarcia@example.org,2024-10-16,Kuwait,VIP,4477.62
6325,Devin,Le,webbheather@example.net,2024-10-02,Nauru,Regular,2951.15
4012,Heather,Sanders,barbara23@example.org,2022-09-03,China,VIP,3348.18
5316,Noah,Smith,blakelori@example.org,2024-06-12,Burkina Faso,Premium,4573.26
3015,Shelly,Burns,nancy99@example.org,2023-10-22,Hungary,VIP,9313.68
9524,April,Bentley,jason38@example.com,2022-09-08,Azerbaijan,VIP,3141.41
3672,Cheryl,Jones,lucasjesus@example.net,2023-04-17,Czech Republic,Premium,5507.91
2478,Justin,Tucker,samantha16@example.org,2022-12-31,Jamaica,Regular,6323.44
2541,Matthew,Ramsey,powersdavid@example.net,2022-06-19,Samoa,VIP,7519.38
5234,Carolyn,Miller,nhampton@example.org,2024-10-03,Portugal,Regular,8158.82
3024,Jennifer,Hood,gardneralexander@example.net,2023-12-02,Congo,VIP,3470.66
9771,Belinda,Castillo,charlesjohn@example.net,2023-01-11,Monaco,VIP,8333.48
2160,Krystal,Lamb,shawn47@example.org,2024-12-06,Chad,Premium,7646.03
6406,Glenn,Nguyen,kyle53@example.net,2023-01-13,Reunion,Premium,1351.81
7354,Peter,Harris,holly82@example.com,2025-03-11,United States of America,VIP,810.59
7920,Lori,Herrera,marc25@example.org,2024-04-27,United States Virgin Islands,VIP,2405.04
6095,Nancy,Rivers,smithandre@example.org,2025-01-31,Trinidad and Tobago,VIP,5253.26
7996,Susan,Wilson,gregorytimothy@example.com,2022-10-10,Australia,VIP,9291.03
1535,Benjamin,Stanley,aking@example.com,2022-06-10,Saudi Arabia,Premium,6168.2
5484,Michelle,Brown,briggscharles@example.org,2024-09-14,Morocco,Regular,9684.89
2197,Ricardo,Frey,trodriguez@example.org,2023-05-01,Congo,Premium,9840.33
5548,Ashley,Ramirez,eperry@example.org,2023-09-02,Sao Tome and Principe,VIP,4268.12
3994,Rebecca,Jarvis,derrick32@example.org,2023-04-20,Iraq,Premium,6315.6
4438,Steven,Patterson,mercadodiana@example.com,2023-08-04,Swaziland,VIP,2754.29
9084,Erin,Mcintosh,mgross@example.org,2024-03-14,Pakistan,VIP,2496.82
5570,Taylor,Saunders,jackmurray@example.org,2023-04-16,Syrian Arab Republic,Regular,9526.42
4464,Anthony,Houston,jessicarobinson@example.com,2024-03-29,Belarus,VIP,7055.67
8313,David,Miranda,briannatucker@example.org,2024-09-28,Uganda,Regular,7901.9
2161,Thomas,Davidson,ericwalker@example.com,2022-10-29,Kyrgyz Republic,VIP,781.39
6255,Matthew,Juarez,wzavala@example.net,2022-06-06,Angola,Regular,6475.53
7461,Clifford,Jones,jeremiahross@example.com,2024-11-06,Falkland Islands (Malvinas),Premium,4723.84
5890,Kylie,Murray,douglas99@example.com,2022-08-09,Cocos (Keeling) Islands,Premium,7070.87
9084,Jose,Burns,guzmantimothy@example.net,2023-03-21,United Kingdom,VIP,1444.02
9005,Kristin,Knight,bnewman@example.net,2025-01-05,Papua New Guinea,Regular,6090.51
2373,Travis,Richard,vazquezbrianna@example.net,2022-09-22,Thailand,Premium,8693.82
4942,Jennifer,Jackson,bnorris@example.org,2024-09-12,Estonia,VIP,3658.45
5382,Susan,Li,julianfrancis@example.org,2025-02-06,French Southern Territories,Premium,8315.21
4870,Tracey,Chen,glambert@example.org,2022-05-17,American Samoa,Premium,6492.84
1201,Sharon,Cobb,kristenmckinney@example.com,2023-06-24,Oman,Regular,2175.07
2315,Amy,Douglas,amber02@example.org,2022-04-17,Argentina,Premium,9592.2
8469,Larry,Dougherty,rebecca68@example.org,2023-05-27,Algeria,VIP,506.09
5391,Jennifer,Jordan,rebecca06@example.com,2022-11-28,Christmas Island,Regular,9375.53
3675,Jennifer,Reynolds,ahunt@example.net,2023-05-01,Japan,Premium,2535.3
9550,Adrian,Bartlett,nyang@example.net,2025-02-10,Yemen,Premium,7667.78
7679,Brett,Oliver,lisa00@example.org,2023-12-10,Monaco,VIP,3683.84
7238,Laurie,Brown,gregory56@example.com,2022-11-21,Maldives,Regular,2029.59
4477,Charles,Mccoy,curtisgriffin@example.org,2025-01-21,Anguilla,Premium,406.54
4464,Leon,Smith,vwolfe@example.com,2023-04-04,Kazakhstan,Premium,4496.26
5327,Edward,Mitchell,cynthiahoward@example.org,2022-04-19,Eritrea,VIP,1378.14
2466,Jennifer,Stone,brittanyneal@example.net,2024-05-19,Romania,Regular,428.09
6823,Jose,Fisher,briggsthomas@example.com,2024-05-09,Eritrea,Premium,3852.42
2091,Tara,Carlson,vroberts@example.com,2024-08-18,China,Regular,6447.26
6757,Kevin,Lara,pamelamays@example.net,2024-09-01,Nauru,VIP,8706.39
6171,Maria,Bautista,eschroeder@example.com,2023-09-20,South Georgia and the South Sandwich Islands,VIP,8533.9
2302,Monica,White,zbarrera@example.net,2025-02-20,Martinique,Premium,2117.77
7420,Melissa,King,andrewmay@example.net,2022-10-12,France,Premium,1682.32
9683,Tina,Salas,sglover@example.org,2024-01-30,Northern Mariana Islands,Regular,5901.38
3761,Linda,Ayala,xboyd@example.org,2024-10-04,Korea,Premium,7504.87
5350,Autumn,Welch,flindsey@example.net,2025-02-01,Ecuador,Premium,9198.21
1188,Vanessa,Walker,meaganreed@example.com,2022-12-15,Argentina,Regular,1258.29
9521,Carol,Mcdonald,jfuller@example.net,2024-07-23,Rwanda,Regular,3004.05
2884,Jessica,Harrington,michael73@example.net,2022-06-12,Egypt,VIP,4611.53
9696,Kimberly,Ellis,bryan68@example.org,2022-05-15,New Caledonia,Regular,5986.25
1410,Sonya,Wang,christophercontreras@example.net,2023-04-16,Mayotte,Regular,7063.5
7152,Lauren,Tran,fross@example.com,2023-05-16,New Zealand,VIP,309.23
7297,Tina,Saunders,wturner@example.org,2024-05-13,Austria,Regular,671.58
6689,Michael,Evans,lisawebb@example.net,2025-02-03,Bahrain,Premium,8093.52
1681,Steven,Page,tfox@example.org,2022-04-10,Cook Islands,Premium,5539.07
7425,Jerry,Mcdaniel,marshallstacy@example.org,2024-01-25,Cote d'Ivoire,Premium,1435.0
6066,Matthew,Figueroa,angela58@example.com,2022-11-16,Germany,Premium,4634.59
7635,Clayton,Marquez,robert97@example.com,2023-08-04,French Southern Territories,VIP,7741.92
4167,Ivan,Wilson,cmclaughlin@example.com,2023-01-19,Greece,Regular,6387.82
9799,Robert,Brown,daniel28@example.org,2025-02-28,South Georgia and the South Sandwich Islands,VIP,6902.37
7993,Anna,Mosley,sanchezdavid@example.org,2022-10-02,Belize,Premium,8390.58
6841,Christian,Johnston,dward@example.org,2022-12-30,Kenya,Premium,3541.86
8472,Krista,Knight,kevin05@example.com,2022-05-16,Reunion,VIP,7880.39
2260,Mark,Johnson,glendafrancis@example.net,2024-05-14,Venezuela,Premium,9771.38
5336,Robert,Johnson,jonesmario@example.org,2024-02-19,Denmark,VIP,5695.83
3247,David,Case,matthew58@example.com,2023-09-10,Malta,Regular,3840.45
1766,Teresa,Barrera,qtaylor@example.com,2022-10-02,Nicaragua,Premium,4590.55
1724,Ashley,Smith,haletammy@example.org,2024-02-29,Switzerland,Regular,415.02
7676,Troy,Hernandez,wuheather@example.org,2024-05-08,Guyana,Regular,744.15
7799,Michael,Glenn,riveraashley@example.net,2022-03-30,Pakistan,VIP,186.78
1332,Laura,Gentry,jennifernguyen@example.org,2022-11-06,Oman,Premium,6003.8
2041,Anthony,Young,jeremyhorn@example.net,2022-11-02,Colombia,VIP,6608.04
6521,Jessica,Murphy,lambertlawrence@example.com,2023-07-08,Netherlands,VIP,6254.56
2317,Amanda,Santos,lauradonovan@example.net,2023-09-16,Turkey,Premium,4207.24
8600,Jerome,Price,vryan@example.net,2022-04-19,El Salvador,VIP,6153.92
3860,Joseph,Moore,arroyojonathan@example.com,2022-12-04,Vanuatu,VIP,4996.77
2214,Bonnie,Bowers,maciasjoel@example.net,2022-12-13,Uruguay,VIP,7017.5
8905,Aaron,Foster,murrayjake@example.com,2022-10-13,Haiti,VIP,5766.02
1409,David,Turner,michellebean@example.org,2023-08-30,Solomon Islands,VIP,5741.5
4324,Martin,Porter,todd06@example.com,2024-10-13,Congo,Premium,8376.29
2758,Alan,Thompson,jessica79@example.net,2022-08-02,Liechtenstein,Premium,4354.55
7782,Jennifer,West,montgomeryfelicia@example.net,2024-09-20,Honduras,Regular,413.6
3298,Steven,Cooper,esalazar@example.net,2024-04-27,Svalbard & Jan Mayen Islands,VIP,9115.68
1975,Denise,Murphy,joe77@example.com,2024-07-15,Finland,VIP,7173.56
8018,Bonnie,Luna,anthonykelley@example.net,2022-09-13,Zimbabwe,Premium,9519.95
9976,David,Adams,jdodson@example.com,2025-02-03,Honduras,Regular,826.27
8568,Bryan,Hughes,umorrison@example.org,2022-12-20,Libyan Arab Jamahiriya,Premium,2878.6
2761,Victoria,Ramirez,tfox@example.org,2025-03-19,Egypt,Regular,3342.52
7332,Charles,Harvey,johnsonedwin@example.net,2023-12-26,Canada,Premium,2748.33
1582,Jonathan,Harper,dicksonnicole@example.org,2022-08-31,Christmas Island,Premium,1323.01
7032,Jake,Stone,pottshannah@example.org,2025-03-21,Romania,VIP,2595.66
8345,Eric,Fowler,cgardner@example.com,2022-09-08,Kazakhstan,Premium,1288.82
9806,Kerry,Lee,tuckerconnor@example.com,2023-04-23,Puerto Rico,Regular,3627.09
8674,Anna,Garcia,suttongeoffrey@example.org,2023-08-11,Tonga,Premium,9599.75
2900,Nancy,Washington,higginsjulie@example.com,2024-06-23,Saint Vincent and the Grenadines,VIP,8174.45
2459,Johnny,Becker,laura07@example.net,2024-05-16,Tokelau,Regular,7282.1
2188,Carrie,Sampson,beverlybrooks@example.org,2023-05-30,Costa Rica,VIP,2349.06
3993,Eric,Berger,nstewart@example.org,2022-07-20,Slovakia (Slovak Republic),VIP,8491.56
6073,William,Perez,ffaulkner@example.net,2022-08-30,Brazil,Premium,4728.84
3399,Mark,Reynolds,jennifer98@example.com,2023-01-15,Ghana,Premium,4066.35
2285,Jennifer,Hudson,thompsonisaiah@example.org,2023-04-09,Nigeria,VIP,445.07
7157,Tracey,Sanchez,beardbenjamin@example.org,2023-06-17,South Georgia and the South Sandwich Islands,Premium,7411.36
2736,Annette,Richardson,aprilbuckley@example.org,2022-05-02,Nepal,VIP,9609.61
8184,Gregory,West,kristin02@example.net,2024-06-08,Chad,VIP,5379.4
1756,James,Miller,qstone@example.com,2025-02-25,Hong Kong,Premium,5120.54
1986,Barbara,Waters,danielsjamie@example.com,2023-09-02,Taiwan,VIP,8511.82
1128,Sheryl,Jones,sherrimorgan@example.org,2022-04-16,China,Premium,7853.98
4227,Greg,Brown,davishannah@example.com,2025-01-31,Saint Kitts and Nevis,VIP,231.74
4042,Nicholas,Turner,williamcuevas@example.org,2024-08-20,Central African Republic,Premium,3894.71
8741,Paul,Benjamin,prodriguez@example.org,2022-12-28,Faroe Islands,VIP,7858.5
1091,Laura,Dalton,zgarza@example.org,2022-07-04,Antigua and Barbuda,VIP,9205.44
9185,Craig,Hancock,brookskristi@example.org,2023-05-09,Algeria,VIP,7141.2
6747,Scott,Williams,ericramirez@example.org,2022-09-25,Burundi,Regular,9406.75
3255,Edward,Osborne,victorsmith@example.org,2024-08-09,Isle of Man,Regular,9446.47
4371,Melissa,Kerr,guerrerotyler@example.net,2022-11-05,Heard Island and McDonald Islands,VIP,3703.19
5797,Melissa,Taylor,dcollins@example.com,2023-08-04,Oman,VIP,2495.69
1400,Jason,Hardy,sandrafreeman@example.com,2023-01-10,Zimbabwe,Regular,8813.55
2602,Mark,Nielsen,zbenson@example.net,2022-03-31,Nepal,Premium,9670.7
9035,Laura,Lopez,elizabeth18@example.net,2023-01-14,Afghanistan,Premium,9495.72
5805,Anthony,Lee,spencerstephen@example.com,2023-05-17,Jersey,VIP,9819.01
9979,Taylor,Hudson,benjamin58@example.com,2022-07-30,Sweden,Regular,2893.34
8357,Rachel,Franklin,charlene64@example.net,2022-05-11,Congo,Regular,9617.56
7015,Laura,Brewer,erin18@example.net,2024-10-26,Malaysia,Premium,6953.73
4468,Brian,Gross,kyle33@example.com,2024-03-30,Bulgaria,Regular,6622.95
7957,Nicole,Chapman,browngeorge@example.net,2023-02-08,Equatorial Guinea,Premium,6590.61
8682,Natasha,Mejia,cparker@example.com,2022-08-03,French Polynesia,Regular,5679.48
4826,Marissa,Matthews,bray@example.com,2024-12-02,Belgium,Regular,670.05
3293,Michele,Pugh,brandon81@example.net,2024-10-23,Hungary,Premium,8092.61
7216,Alexa,Miller,robert08@example.com,2024-03-19,Venezuela,VIP,3610.89
1643,Shannon,Ortiz,smckee@example.com,2024-10-01,Chad,Regular,3754.38
8364,Shannon,Morris,marissaconley@example.org,2024-08-09,United Kingdom,Premium,6859.51
2140,Dennis,Clay,davissonia@example.org,2023-06-08,Papua New Guinea,VIP,3211.98
2632,Frederick,Torres,chadmorse@example.net,2022-11-20,French Southern Territories,VIP,8858.28
3546,Erik,Jackson,vincentcombs@example.com,2023-01-11,Yemen,Premium,3902.52
9100,Curtis,Marshall,wilsonjimmy@example.com,2023-03-20,Saint Vincent and the Grenadines,VIP,3158.5
5646,Patrick,Armstrong,gonzalezbetty@example.org,2024-05-13,South Georgia and the South Sandwich Islands,Regular,1399.62
3887,Edward,Mclaughlin,charlenedelgado@example.com,2025-01-01,Bolivia,VIP,9692.48
6795,Bradley,Dunn,lisa70@example.net,2023-05-18,South Africa,Regular,1383.5
4077,Sean,George,ilopez@example.com,2023-07-11,Tajikistan,Regular,1643.25
9035,Kimberly,Robertson,brownjoe@example.com,2025-01-12,Cuba,Regular,4719.06
2558,Christopher,Moore,loganjonathan@example.com,2024-10-23,Slovakia (Slovak Republic),Regular,808.67
7638,Elizabeth,Weber,yorksteve@example.com,2024-06-29,Lesotho,Premium,7937.08
8069,Jacob,Solis,rangelnicole@example.com,2022-07-06,Norway,Regular,7275.94
1828,Jillian,Nelson,sarmstrong@example.org,2022-11-27,Syrian Arab Republic,Regular,5679.12
8483,Richard,Cannon,rickhunt@example.org,2023-02-24,Saint Pierre and Miquelon,Premium,8878.85
3002,David,Allen,unelson@example.net,2025-03-19,Timor-Leste,Premium,1586.34
1165,Stacy,Soto,ythompson@example.com,2023-03-17,Panama,VIP,6035.71
1980,Jenny,Bell,julia33@example.net,2023-01-05,Tokelau,Regular,3228.56
3453,Andrea,Little,walkermegan@example.org,2022-09-01,Guam,Regular,2426.13
4544,Anthony,Smith,michael80@example.org,2023-10-25,Nigeria,Premium,6587.39
6408,Ashley,Silva,johnsonjerry@example.net,2023-09-16,Denmark,Premium,6151.83
4830,Becky,Hawkins,tmclaughlin@example.com,2022-10-28,Heard Island and McDonald Islands,VIP,8346.89
7109,Matthew,Williams,beth74@example.com,2022-12-18,Gabon,Premium,7748.07
1714,Robert,Griffin,matadakota@example.org,2023-08-09,Sweden,Premium,6289.98
8669,Maurice,Phillips,jennasoto@example.net,2025-01-31,Saint Martin,Premium,5974.33
3197,Samantha,Hill,roger13@example.com,2024-07-12,Namibia,VIP,5308.84
6516,Jennifer,Suarez,timothyedwards@example.net,2024-01-06,Slovakia (Slovak Republic),VIP,3314.54
9217,Leah,James,andrewoneal@example.org,2025-03-22,Sweden,Regular,3835.78
5209,Robert,Gutierrez,gandersen@example.com,2023-11-18,Eritrea,Regular,1040.37
1535,Madison,Mclean,iallen@example.net,2024-05-17,Eritrea,VIP,9070.32
6748,Tiffany,Wilson,kara53@example.com,2022-12-17,Maldives,Premium,8846.67
5109,Douglas,Miller,johnsonbenjamin@example.org,2023-08-20,Botswana,Regular,7409.82
7538,Daniel,Williamson,jenniferbrown@example.net,2023-10-17,Saint Vincent and the Grenadines,VIP,5167.86
7576,Robert,Rhodes,kathryn59@example.com,2023-01-26,North Macedonia,Premium,987.01
9730,Edwin,Chandler,heathergonzalez@example.com,2023-10-30,Andorra,Premium,7669.17
5186,Deborah,Anderson,johnsoncheryl@example.org,2025-02-04,South Georgia and the South Sandwich Islands,VIP,4655.46
1256,Douglas,Thomas,burnsjustin@example.net,2024-10-02,Nigeria,Premium,2334.45
6446,Dustin,Miller,jeffrey93@example.com,2024-11-03,Slovenia,Regular,1022.31
9664,Denise,Richardson,kelly84@example.net,2023-12-13,Albania,VIP,2072.63
1277,Daniel,Clarke,reneerobertson@example.com,2023-05-05,Antarctica (the territory South of 60 deg S),VIP,8313.08
1376,Eric,Burton,wwilliams@example.net,2024-07-12,Myanmar,Regular,3191.28
9809,Keith,Murray,ryan40@example.net,2022-10-21,Austria,Premium,2800.71
7689,Laura,Barber,ericsantiago@example.net,2024-06-26,Netherlands,Regular,7250.99
1527,Tristan,Curtis,lorimurphy@example.com,2024-02-15,Hungary,Premium,2001.93
8699,John,Gutierrez,jason98@example.net,2022-12-01,Guadeloupe,Regular,252.15
6896,Sierra,David,john46@example.net,2023-12-21,Bhutan,Regular,6191.99
7214,Rebecca,Wu,kevin00@example.net,2022-07-21,Romania,Regular,2275.8
2714,Pamela,Robinson,ian25@example.com,2023-01-18,Finland,VIP,8850.58
8615,Scott,Ward,edwardsdiane@example.com,2022-06-14,Nepal,Premium,1029.6
4821,William,Vance,lfinley@example.net,2024-05-12,Anguilla,Regular,4509.69
8149,Shannon,Griffin,sbryan@example.net,2023-07-16,Argentina,VIP,2189.17
9337,Eric,Thompson,kaylaosborne@example.com,2024-10-17,Norway,VIP,8297.48
3145,Vanessa,Thomas,jbutler@example.com,2024-07-24,Russian Federation,Regular,1687.64
2132,Judy,King,jacksonrachel@example.com,2023-08-11,Chile,Premium,5352.35
8859,Michael,Holland,james36@example.org,2023-05-25,Swaziland,VIP,6621.7
7410,Jesus,Mills,alexander39@example.net,2024-06-25,Cote d'Ivoire,Regular,3010.65
7345,Keith,Warren,gregory42@example.org,2023-12-06,Chad,VIP,190.43
6880,Nicole,Ramirez,egutierrez@example.net,2022-10-26,Kenya,VIP,6958.55
9148,Erica,Burgess,patricia08@example.org,2022-07-15,Finland,Premium,205.49
2646,Ronald,Price,wsmith@example.org,2025-01-26,Gibraltar,Regular,581.87
5999,Jessica,Smith,jennifer81@example.net,2024-06-08,Niger,VIP,9567.84
6170,Hannah,Smith,michaelmurray@example.com,2023-07-17,Slovenia,Premium,9749.68
3197,Daniel,Patel,hallamanda@example.org,2024-08-29,Netherlands Antilles,VIP,1159.01
6653,Christian,Smith,mcgeefrank@example.org,2023-02-25,Hong Kong,VIP,3408.42
